-- phpMyAdmin SQL Dump
-- version 4.9.7
-- https://www.phpmyadmin.net/
--
-- Host: localhost:3306
-- Generation Time: Mar 21, 2021 at 09:16 AM
-- Server version: 5.7.32
-- PHP Version: 7.4.12

SET SQL_MODE = "NO_AUTO_VALUE_ON_ZERO";
SET time_zone = "+00:00";

--
-- Database: `mvc_laravel`
--

-- --------------------------------------------------------

--
-- Table structure for table `failed_jobs`
--

CREATE TABLE `failed_jobs` (
  `id` bigint(20) UNSIGNED NOT NULL,
  `uuid` varchar(255) COLLATE utf8mb4_unicode_ci NOT NULL,
  `connection` text COLLATE utf8mb4_unicode_ci NOT NULL,
  `queue` text COLLATE utf8mb4_unicode_ci NOT NULL,
  `payload` longtext COLLATE utf8mb4_unicode_ci NOT NULL,
  `exception` longtext COLLATE utf8mb4_unicode_ci NOT NULL,
  `failed_at` timestamp NOT NULL DEFAULT CURRENT_TIMESTAMP
) ENGINE=InnoDB DEFAULT CHARSET=utf8mb4 COLLATE=utf8mb4_unicode_ci;

-- --------------------------------------------------------

--
-- Table structure for table `groups`
--

CREATE TABLE `groups` (
  `id` int(10) UNSIGNED NOT NULL,
  `groupname` varchar(255) COLLATE utf8mb4_unicode_ci NOT NULL,
  `amount` int(11) NOT NULL DEFAULT '0',
  `created_at` timestamp NULL DEFAULT NULL,
  `updated_at` timestamp NULL DEFAULT NULL
) ENGINE=InnoDB DEFAULT CHARSET=utf8mb4 COLLATE=utf8mb4_unicode_ci;

--
-- Dumping data for table `groups`
--

INSERT INTO `groups` (`id`, `groupname`, `amount`, `created_at`, `updated_at`) VALUES
(1, 'เพื่อไทย', 11, '2021-03-21 00:01:09', '2021-03-21 02:11:02'),
(2, 'อนาคตใหม่', 11, '2021-03-21 00:01:23', '2021-03-21 02:13:30');

-- --------------------------------------------------------

--
-- Table structure for table `migrations`
--

CREATE TABLE `migrations` (
  `id` int(10) UNSIGNED NOT NULL,
  `migration` varchar(255) COLLATE utf8mb4_unicode_ci NOT NULL,
  `batch` int(11) NOT NULL
) ENGINE=InnoDB DEFAULT CHARSET=utf8mb4 COLLATE=utf8mb4_unicode_ci;

--
-- Dumping data for table `migrations`
--

INSERT INTO `migrations` (`id`, `migration`, `batch`) VALUES
(1, '2014_10_12_000000_create_users_table', 1),
(2, '2014_10_12_100000_create_password_resets_table', 1),
(3, '2019_08_19_000000_create_failed_jobs_table', 1),
(4, '2021_03_21_024843_create_representatives_table', 1),
(5, '2021_03_21_025539_create_groups_table', 1);

-- --------------------------------------------------------

--
-- Table structure for table `password_resets`
--

CREATE TABLE `password_resets` (
  `email` varchar(255) COLLATE utf8mb4_unicode_ci NOT NULL,
  `token` varchar(255) COLLATE utf8mb4_unicode_ci NOT NULL,
  `created_at` timestamp NULL DEFAULT NULL
) ENGINE=InnoDB DEFAULT CHARSET=utf8mb4 COLLATE=utf8mb4_unicode_ci;

-- --------------------------------------------------------

--
-- Table structure for table `representatives`
--

CREATE TABLE `representatives` (
  `id` int(10) UNSIGNED NOT NULL,
  `firstname` varchar(255) COLLATE utf8mb4_unicode_ci NOT NULL,
  `lastname` varchar(255) COLLATE utf8mb4_unicode_ci NOT NULL,
  `edu_level` enum('ม.6','ปวช.','ปวส.','อนุปริญญา','ปริญญาตรี','ปริญญาโท','ปริญญาเอก') COLLATE utf8mb4_unicode_ci NOT NULL,
  `group_id` int(11) NOT NULL,
  `created_at` timestamp NULL DEFAULT NULL,
  `updated_at` timestamp NULL DEFAULT NULL
) ENGINE=InnoDB DEFAULT CHARSET=utf8mb4 COLLATE=utf8mb4_unicode_ci;

--
-- Dumping data for table `representatives`
--

INSERT INTO `representatives` (`id`, `firstname`, `lastname`, `edu_level`, `group_id`, `created_at`, `updated_at`) VALUES
(1, 'Jocelyn', 'Stephens', 'ปริญญาเอก', 1, '2021-03-21 02:10:06', '2021-03-21 02:10:06'),
(2, 'Anika', 'Phelps', 'ปริญญาตรี', 1, '2021-03-21 02:10:11', '2021-03-21 02:10:11'),
(3, 'Chadwick', 'Townsend', 'ปวส.', 1, '2021-03-21 02:10:19', '2021-03-21 02:10:19'),
(4, 'Igor', 'Joseph', 'ปวช.', 1, '2021-03-21 02:10:26', '2021-03-21 02:10:26'),
(5, 'Shaeleigh', 'Gomez', 'ม.6', 1, '2021-03-21 02:10:32', '2021-03-21 02:10:32'),
(6, 'Matthew', 'Jones', 'ม.6', 1, '2021-03-21 02:10:36', '2021-03-21 02:10:36'),
(7, 'Galvin', 'Best', 'ปริญญาตรี', 1, '2021-03-21 02:10:42', '2021-03-21 02:10:42'),
(8, 'Eleanor', 'Patrick', 'ปริญญาโท', 1, '2021-03-21 02:10:45', '2021-03-21 02:10:45'),
(9, 'Fredericka', 'Giles', 'ปริญญาตรี', 1, '2021-03-21 02:10:48', '2021-03-21 02:10:48'),
(10, 'Axel', 'Burton', 'ม.6', 1, '2021-03-21 02:10:52', '2021-03-21 02:10:52'),
(11, 'Latifah', 'Morin', 'ปวช.', 1, '2021-03-21 02:10:57', '2021-03-21 02:10:57'),
(12, 'Baxter', 'Dyer', 'ปริญญาโท', 1, '2021-03-21 02:11:02', '2021-03-21 02:11:02'),
(13, 'Cairo', 'Owens', 'ม.6', 2, '2021-03-21 02:12:28', '2021-03-21 02:12:28'),
(14, 'Quincy', 'Cantrell', 'ปริญญาตรี', 2, '2021-03-21 02:12:41', '2021-03-21 02:12:41'),
(15, 'Christopher', 'Farley', 'ปริญญาเอก', 2, '2021-03-21 02:12:50', '2021-03-21 02:12:50'),
(16, 'Bruce', 'Gallegos', 'ปริญญาเอก', 2, '2021-03-21 02:12:54', '2021-03-21 02:12:54'),
(17, 'Dawn', 'Vasquez', 'ปวส.', 2, '2021-03-21 02:12:57', '2021-03-21 02:12:57'),
(18, 'Willa', 'Robbins', 'ปริญญาเอก', 2, '2021-03-21 02:13:06', '2021-03-21 02:13:06'),
(19, 'Keaton', 'Griffith', 'ปริญญาโท', 2, '2021-03-21 02:13:12', '2021-03-21 02:13:12'),
(20, 'Marshall', 'Banks', 'ม.6', 2, '2021-03-21 02:13:16', '2021-03-21 02:13:16'),
(21, 'Ava', 'Newman', 'ม.6', 2, '2021-03-21 02:13:21', '2021-03-21 02:13:21'),
(22, 'Shelly', 'Davis', 'ปวช.', 2, '2021-03-21 02:13:25', '2021-03-21 02:13:25'),
(23, 'Kiona', 'Tillman', 'ม.6', 2, '2021-03-21 02:13:30', '2021-03-21 02:13:30');

-- --------------------------------------------------------

--
-- Table structure for table `users`
--

CREATE TABLE `users` (
  `id` bigint(20) UNSIGNED NOT NULL,
  `name` varchar(255) COLLATE utf8mb4_unicode_ci NOT NULL,
  `email` varchar(255) COLLATE utf8mb4_unicode_ci NOT NULL,
  `email_verified_at` timestamp NULL DEFAULT NULL,
  `password` varchar(255) COLLATE utf8mb4_unicode_ci NOT NULL,
  `remember_token` varchar(100) COLLATE utf8mb4_unicode_ci DEFAULT NULL,
  `selected_id` int(11) NOT NULL,
  `created_at` timestamp NULL DEFAULT NULL,
  `updated_at` timestamp NULL DEFAULT NULL
) ENGINE=InnoDB DEFAULT CHARSET=utf8mb4 COLLATE=utf8mb4_unicode_ci;

--
-- Dumping data for table `users`
--

INSERT INTO `users` (`id`, `name`, `email`, `email_verified_at`, `password`, `remember_token`, `selected_id`, `created_at`, `updated_at`) VALUES
(1, 'eq5GYDlikN', 'ywy4O1d8VO@gmail.com', '2021-03-21 01:58:19', '$2y$10$92IXUNpkjO0rOQ5byMi.Ye4oKoEa3Ro9llC/.og/at2.uheWG/igi', 'VbSlfY9bJQ', 1, '2021-03-21 01:58:19', '2021-03-21 01:58:19'),
(2, '4qGwyon8cr', 'JrGAzsxWvI@gmail.com', '2021-03-21 01:58:19', '$2y$10$92IXUNpkjO0rOQ5byMi.Ye4oKoEa3Ro9llC/.og/at2.uheWG/igi', 'ZEK5yHSDVa', 1, '2021-03-21 01:58:19', '2021-03-21 01:58:19'),
(3, 'vIxUh0teWP', 'G9aJWVB3AY@gmail.com', '2021-03-21 01:58:19', '$2y$10$92IXUNpkjO0rOQ5byMi.Ye4oKoEa3Ro9llC/.og/at2.uheWG/igi', 'UtoagOW8yN', 1, '2021-03-21 01:58:19', '2021-03-21 01:58:19'),
(4, 'M7f3GEu33y', '4fO3QghpVG@gmail.com', '2021-03-21 01:58:19', '$2y$10$92IXUNpkjO0rOQ5byMi.Ye4oKoEa3Ro9llC/.og/at2.uheWG/igi', 'YKBqxvIBxB', 2, '2021-03-21 01:58:19', '2021-03-21 01:58:19'),
(5, '0M9epH4P46', 'zKC2Tnn4Ev@gmail.com', '2021-03-21 01:58:19', '$2y$10$92IXUNpkjO0rOQ5byMi.Ye4oKoEa3Ro9llC/.og/at2.uheWG/igi', 'PrDVOgOA8k', 1, '2021-03-21 01:58:19', '2021-03-21 01:58:19'),
(6, 'NStOJiwiVG', 'iXkYQQZP84@gmail.com', '2021-03-21 01:58:19', '$2y$10$92IXUNpkjO0rOQ5byMi.Ye4oKoEa3Ro9llC/.og/at2.uheWG/igi', 'LqglRQcl0T', 2, '2021-03-21 01:58:19', '2021-03-21 01:58:19'),
(7, 'zlEIimZm2k', '89OjAt53ke@gmail.com', '2021-03-21 01:58:19', '$2y$10$92IXUNpkjO0rOQ5byMi.Ye4oKoEa3Ro9llC/.og/at2.uheWG/igi', 'egWpyfsckx', 1, '2021-03-21 01:58:19', '2021-03-21 01:58:19'),
(8, '6YpXQAKGaD', 'CHXa2D2Nre@gmail.com', '2021-03-21 01:58:19', '$2y$10$92IXUNpkjO0rOQ5byMi.Ye4oKoEa3Ro9llC/.og/at2.uheWG/igi', 'BKg8mKyBMj', 1, '2021-03-21 01:58:19', '2021-03-21 01:58:19'),
(9, '12g4rAl0gJ', 'sdgm485kdc@gmail.com', '2021-03-21 01:58:19', '$2y$10$92IXUNpkjO0rOQ5byMi.Ye4oKoEa3Ro9llC/.og/at2.uheWG/igi', 'q152ny6OyE', 1, '2021-03-21 01:58:19', '2021-03-21 01:58:19'),
(10, '6hD1jTVPTs', 'lgk4uyCV2W@gmail.com', '2021-03-21 01:58:19', '$2y$10$92IXUNpkjO0rOQ5byMi.Ye4oKoEa3Ro9llC/.og/at2.uheWG/igi', 's9REgYl2RC', 1, '2021-03-21 01:58:19', '2021-03-21 01:58:19'),
(11, 'Q7AZGRK9CA', 'UQyDMHPAxA@gmail.com', '2021-03-21 01:58:19', '$2y$10$92IXUNpkjO0rOQ5byMi.Ye4oKoEa3Ro9llC/.og/at2.uheWG/igi', 'yGLyVAQdky', 1, '2021-03-21 01:58:19', '2021-03-21 01:58:19'),
(12, 'tMEidWFmDZ', 'Yr4PoKQbwM@gmail.com', '2021-03-21 01:58:19', '$2y$10$92IXUNpkjO0rOQ5byMi.Ye4oKoEa3Ro9llC/.og/at2.uheWG/igi', 'ApzO7RJYiH', 2, '2021-03-21 01:58:19', '2021-03-21 01:58:19'),
(13, 'Jm4ibYMJPs', 'mTYFnVrjhg@gmail.com', '2021-03-21 01:58:19', '$2y$10$92IXUNpkjO0rOQ5byMi.Ye4oKoEa3Ro9llC/.og/at2.uheWG/igi', 'BhDP5qKbv8', 2, '2021-03-21 01:58:19', '2021-03-21 01:58:19'),
(14, 'ppcGRHrdxR', '6GQXtPvlIb@gmail.com', '2021-03-21 01:58:19', '$2y$10$92IXUNpkjO0rOQ5byMi.Ye4oKoEa3Ro9llC/.og/at2.uheWG/igi', 'npNozmrEjS', 1, '2021-03-21 01:58:19', '2021-03-21 01:58:19'),
(15, 'hmhwwuf0HW', 'smXX9X2Ef3@gmail.com', '2021-03-21 01:58:19', '$2y$10$92IXUNpkjO0rOQ5byMi.Ye4oKoEa3Ro9llC/.og/at2.uheWG/igi', '7TYYt12d8E', 1, '2021-03-21 01:58:19', '2021-03-21 01:58:19'),
(16, 'Gy2x99nHFo', 'u8IEvyLGmp@gmail.com', '2021-03-21 01:58:19', '$2y$10$92IXUNpkjO0rOQ5byMi.Ye4oKoEa3Ro9llC/.og/at2.uheWG/igi', 'wKP6dJQm5h', 1, '2021-03-21 01:58:19', '2021-03-21 01:58:19'),
(17, 'pEdbaWQ1NG', '8tGlMbtM92@gmail.com', '2021-03-21 01:58:19', '$2y$10$92IXUNpkjO0rOQ5byMi.Ye4oKoEa3Ro9llC/.og/at2.uheWG/igi', '6sMADzT5eM', 2, '2021-03-21 01:58:19', '2021-03-21 01:58:19'),
(18, 'VIaSyL9wis', 'cY6iq7QZgI@gmail.com', '2021-03-21 01:58:19', '$2y$10$92IXUNpkjO0rOQ5byMi.Ye4oKoEa3Ro9llC/.og/at2.uheWG/igi', 'gRHMMkw6Sl', 2, '2021-03-21 01:58:19', '2021-03-21 01:58:19'),
(19, 'w7kBXWssxd', 'lX7iRsihKz@gmail.com', '2021-03-21 01:58:19', '$2y$10$92IXUNpkjO0rOQ5byMi.Ye4oKoEa3Ro9llC/.og/at2.uheWG/igi', 'Gg5ovF4pWc', 2, '2021-03-21 01:58:19', '2021-03-21 01:58:19'),
(20, 'SJRxWGfvGQ', 'Sath9veGXl@gmail.com', '2021-03-21 01:58:19', '$2y$10$92IXUNpkjO0rOQ5byMi.Ye4oKoEa3Ro9llC/.og/at2.uheWG/igi', '1gvs4H5YQy', 1, '2021-03-21 01:58:19', '2021-03-21 01:58:19'),
(21, 'wt2AIaoQ1d', 'SBmcosSmSh@gmail.com', '2021-03-21 01:58:19', '$2y$10$92IXUNpkjO0rOQ5byMi.Ye4oKoEa3Ro9llC/.og/at2.uheWG/igi', 'RKq8kzfxkW', 2, '2021-03-21 01:58:19', '2021-03-21 01:58:19'),
(22, 'uK1xdEmb84', 'lQZetFeuzy@gmail.com', '2021-03-21 01:58:19', '$2y$10$92IXUNpkjO0rOQ5byMi.Ye4oKoEa3Ro9llC/.og/at2.uheWG/igi', 'x1UVQS232e', 2, '2021-03-21 01:58:19', '2021-03-21 01:58:19'),
(23, 'C89Zh3sBdu', 'IGnxzf2Unk@gmail.com', '2021-03-21 01:58:19', '$2y$10$92IXUNpkjO0rOQ5byMi.Ye4oKoEa3Ro9llC/.og/at2.uheWG/igi', '480xaAlPEM', 2, '2021-03-21 01:58:19', '2021-03-21 01:58:19'),
(24, 'CwcoAgB2m8', 'TvoqVgrVUg@gmail.com', '2021-03-21 01:58:19', '$2y$10$92IXUNpkjO0rOQ5byMi.Ye4oKoEa3Ro9llC/.og/at2.uheWG/igi', 'uf4YmEJFPW', 2, '2021-03-21 01:58:19', '2021-03-21 01:58:19'),
(25, 'MhuuPiblqc', 'ZtxVhJlFEK@gmail.com', '2021-03-21 01:58:19', '$2y$10$92IXUNpkjO0rOQ5byMi.Ye4oKoEa3Ro9llC/.og/at2.uheWG/igi', 'qHa8YJy4qx', 2, '2021-03-21 01:58:19', '2021-03-21 01:58:19'),
(26, 'p4xXLLDhhP', '1arT1NKUZQ@gmail.com', '2021-03-21 01:58:19', '$2y$10$92IXUNpkjO0rOQ5byMi.Ye4oKoEa3Ro9llC/.og/at2.uheWG/igi', '90WB3UM85J', 1, '2021-03-21 01:58:19', '2021-03-21 01:58:19'),
(27, 'gYGlKG8Dvf', 'TTiVBA1OB1@gmail.com', '2021-03-21 01:58:19', '$2y$10$92IXUNpkjO0rOQ5byMi.Ye4oKoEa3Ro9llC/.og/at2.uheWG/igi', 'KmBpiDXHnp', 2, '2021-03-21 01:58:19', '2021-03-21 01:58:19'),
(28, 'Mpsiuvfiqk', 'dTtz6TRrcx@gmail.com', '2021-03-21 01:58:19', '$2y$10$92IXUNpkjO0rOQ5byMi.Ye4oKoEa3Ro9llC/.og/at2.uheWG/igi', 'g0v1xlQLoc', 2, '2021-03-21 01:58:19', '2021-03-21 01:58:19'),
(29, 'isxlWJzTDM', 'NbeKsXZ9QR@gmail.com', '2021-03-21 01:58:19', '$2y$10$92IXUNpkjO0rOQ5byMi.Ye4oKoEa3Ro9llC/.og/at2.uheWG/igi', 'vYaE2Di4Wv', 2, '2021-03-21 01:58:19', '2021-03-21 01:58:19'),
(30, 'iPCEoPRTEr', 'KxziYZr7Bz@gmail.com', '2021-03-21 01:58:19', '$2y$10$92IXUNpkjO0rOQ5byMi.Ye4oKoEa3Ro9llC/.og/at2.uheWG/igi', 'iBB2timEuk', 1, '2021-03-21 01:58:19', '2021-03-21 01:58:19'),
(31, 'OE8GS9SAPJ', 'KUVERgTs6I@gmail.com', '2021-03-21 01:58:19', '$2y$10$92IXUNpkjO0rOQ5byMi.Ye4oKoEa3Ro9llC/.og/at2.uheWG/igi', 'H4ZLGncOZY', 1, '2021-03-21 01:58:19', '2021-03-21 01:58:19'),
(32, '91BYZcBgYL', 'Om36PM9wRt@gmail.com', '2021-03-21 01:58:19', '$2y$10$92IXUNpkjO0rOQ5byMi.Ye4oKoEa3Ro9llC/.og/at2.uheWG/igi', 'RY6dk3XDm4', 2, '2021-03-21 01:58:19', '2021-03-21 01:58:19'),
(33, 'fTNd1qso3W', 'IkM8MmL2Ba@gmail.com', '2021-03-21 01:58:19', '$2y$10$92IXUNpkjO0rOQ5byMi.Ye4oKoEa3Ro9llC/.og/at2.uheWG/igi', 'hC0KPJyoK0', 2, '2021-03-21 01:58:19', '2021-03-21 01:58:19'),
(34, 'oq8VoK3G5W', 'NboaC27HCN@gmail.com', '2021-03-21 01:58:19', '$2y$10$92IXUNpkjO0rOQ5byMi.Ye4oKoEa3Ro9llC/.og/at2.uheWG/igi', 'jfNQpBkKOh', 1, '2021-03-21 01:58:19', '2021-03-21 01:58:19'),
(35, 'KTx2uiNGMQ', '7EWvIzU5Qg@gmail.com', '2021-03-21 01:58:19', '$2y$10$92IXUNpkjO0rOQ5byMi.Ye4oKoEa3Ro9llC/.og/at2.uheWG/igi', '4mNnS5xA69', 1, '2021-03-21 01:58:19', '2021-03-21 01:58:19'),
(36, 'B4HjWdevIb', 'R5tTX20nWp@gmail.com', '2021-03-21 01:58:19', '$2y$10$92IXUNpkjO0rOQ5byMi.Ye4oKoEa3Ro9llC/.og/at2.uheWG/igi', 'BmskCvTcVe', 1, '2021-03-21 01:58:19', '2021-03-21 01:58:19'),
(37, 'b5PA8x40fs', 'QEeVdH11gt@gmail.com', '2021-03-21 01:58:19', '$2y$10$92IXUNpkjO0rOQ5byMi.Ye4oKoEa3Ro9llC/.og/at2.uheWG/igi', 'mMpVrZcjNd', 2, '2021-03-21 01:58:19', '2021-03-21 01:58:19'),
(38, 'OUpwMlUY56', 'xJpfUU7ako@gmail.com', '2021-03-21 01:58:19', '$2y$10$92IXUNpkjO0rOQ5byMi.Ye4oKoEa3Ro9llC/.og/at2.uheWG/igi', 'aVYECeuRHL', 1, '2021-03-21 01:58:19', '2021-03-21 01:58:19'),
(39, '8ECb3w5FQF', 'pbC34YymVd@gmail.com', '2021-03-21 01:58:19', '$2y$10$92IXUNpkjO0rOQ5byMi.Ye4oKoEa3Ro9llC/.og/at2.uheWG/igi', '8CENRya1oa', 1, '2021-03-21 01:58:19', '2021-03-21 01:58:19'),
(40, '81iKmpzzCs', 'z3AyFqpRyA@gmail.com', '2021-03-21 01:58:19', '$2y$10$92IXUNpkjO0rOQ5byMi.Ye4oKoEa3Ro9llC/.og/at2.uheWG/igi', 'arvZkjzCUt', 2, '2021-03-21 01:58:19', '2021-03-21 01:58:19'),
(41, 'pzRW8qSx71', 'g3HidTnPcF@gmail.com', '2021-03-21 01:58:19', '$2y$10$92IXUNpkjO0rOQ5byMi.Ye4oKoEa3Ro9llC/.og/at2.uheWG/igi', 'hmL7PIfvV1', 1, '2021-03-21 01:58:19', '2021-03-21 01:58:19'),
(42, 'iVhNbCXuQk', '1WQTRwBUOo@gmail.com', '2021-03-21 01:58:19', '$2y$10$92IXUNpkjO0rOQ5byMi.Ye4oKoEa3Ro9llC/.og/at2.uheWG/igi', 'uWahD6jdUC', 2, '2021-03-21 01:58:19', '2021-03-21 01:58:19'),
(43, '2I7urvDJyb', 'Jew66Dd4jr@gmail.com', '2021-03-21 01:58:19', '$2y$10$92IXUNpkjO0rOQ5byMi.Ye4oKoEa3Ro9llC/.og/at2.uheWG/igi', 'dhACJ1mJCW', 1, '2021-03-21 01:58:19', '2021-03-21 01:58:19'),
(44, 'J75leHhVSJ', 'Dn4wI8S4oA@gmail.com', '2021-03-21 01:58:19', '$2y$10$92IXUNpkjO0rOQ5byMi.Ye4oKoEa3Ro9llC/.og/at2.uheWG/igi', 'WWFyUtKMgi', 1, '2021-03-21 01:58:19', '2021-03-21 01:58:19'),
(45, 'qyyHwvR2Li', 'PMPC5PUrLU@gmail.com', '2021-03-21 01:58:19', '$2y$10$92IXUNpkjO0rOQ5byMi.Ye4oKoEa3Ro9llC/.og/at2.uheWG/igi', 'VbErhXjBO1', 1, '2021-03-21 01:58:19', '2021-03-21 01:58:19'),
(46, 's9YSvVeZsr', 'YrqymsZIGd@gmail.com', '2021-03-21 01:58:19', '$2y$10$92IXUNpkjO0rOQ5byMi.Ye4oKoEa3Ro9llC/.og/at2.uheWG/igi', 'q3eiIkNu9A', 2, '2021-03-21 01:58:19', '2021-03-21 01:58:19'),
(47, 'EA9aQKu8ba', 'nRekZgB2vc@gmail.com', '2021-03-21 01:58:19', '$2y$10$92IXUNpkjO0rOQ5byMi.Ye4oKoEa3Ro9llC/.og/at2.uheWG/igi', 'nhNmqkN2Vi', 1, '2021-03-21 01:58:19', '2021-03-21 01:58:19'),
(48, 'ssZCbL8ufZ', 'LWyyfUbzeq@gmail.com', '2021-03-21 01:58:19', '$2y$10$92IXUNpkjO0rOQ5byMi.Ye4oKoEa3Ro9llC/.og/at2.uheWG/igi', 'XNfvWmsF7l', 2, '2021-03-21 01:58:19', '2021-03-21 01:58:19'),
(49, 'SD8YMirMOW', '1LMC6eF137@gmail.com', '2021-03-21 01:58:19', '$2y$10$92IXUNpkjO0rOQ5byMi.Ye4oKoEa3Ro9llC/.og/at2.uheWG/igi', 'hGvHQVzIte', 1, '2021-03-21 01:58:19', '2021-03-21 01:58:19'),
(50, 'JUTSYbfcMM', 'Foy5NpB4FS@gmail.com', '2021-03-21 01:58:19', '$2y$10$92IXUNpkjO0rOQ5byMi.Ye4oKoEa3Ro9llC/.og/at2.uheWG/igi', 'cQOUsujVWb', 2, '2021-03-21 01:58:19', '2021-03-21 01:58:19'),
(51, 'msLGvKjgvp', 'DI59xkJ47z@gmail.com', '2021-03-21 01:58:19', '$2y$10$92IXUNpkjO0rOQ5byMi.Ye4oKoEa3Ro9llC/.og/at2.uheWG/igi', 'gdxgFHYvoU', 1, '2021-03-21 01:58:19', '2021-03-21 01:58:19'),
(52, 'negJpAunEV', 'naEG9EZp7a@gmail.com', '2021-03-21 01:58:19', '$2y$10$92IXUNpkjO0rOQ5byMi.Ye4oKoEa3Ro9llC/.og/at2.uheWG/igi', 'g0uaepVdSI', 1, '2021-03-21 01:58:19', '2021-03-21 01:58:19'),
(53, 'I0gnO5xHEh', 'mYJJU2eZTo@gmail.com', '2021-03-21 01:58:19', '$2y$10$92IXUNpkjO0rOQ5byMi.Ye4oKoEa3Ro9llC/.og/at2.uheWG/igi', 'Ae9JBuXQTx', 2, '2021-03-21 01:58:19', '2021-03-21 01:58:19'),
(54, 'hbCNjJHvEF', 'Fy3O5KPH4S@gmail.com', '2021-03-21 01:58:19', '$2y$10$92IXUNpkjO0rOQ5byMi.Ye4oKoEa3Ro9llC/.og/at2.uheWG/igi', 'fTGu7ExqnF', 2, '2021-03-21 01:58:19', '2021-03-21 01:58:19'),
(55, 'gMnn3lLoMG', 'dbcAK68ksG@gmail.com', '2021-03-21 01:58:19', '$2y$10$92IXUNpkjO0rOQ5byMi.Ye4oKoEa3Ro9llC/.og/at2.uheWG/igi', 'pghL4TpTM0', 1, '2021-03-21 01:58:19', '2021-03-21 01:58:19'),
(56, 'P6Q1xDJdjN', 'abPYApq1Un@gmail.com', '2021-03-21 01:58:19', '$2y$10$92IXUNpkjO0rOQ5byMi.Ye4oKoEa3Ro9llC/.og/at2.uheWG/igi', 'w9evjPb6yR', 1, '2021-03-21 01:58:19', '2021-03-21 01:58:19'),
(57, 'B0E4L10MMd', 'bhS9TC2rrP@gmail.com', '2021-03-21 01:58:19', '$2y$10$92IXUNpkjO0rOQ5byMi.Ye4oKoEa3Ro9llC/.og/at2.uheWG/igi', 'b3ewsbpVFJ', 2, '2021-03-21 01:58:19', '2021-03-21 01:58:19'),
(58, 'pJ9d4mTEFA', 'P1RWZI4WBm@gmail.com', '2021-03-21 01:58:19', '$2y$10$92IXUNpkjO0rOQ5byMi.Ye4oKoEa3Ro9llC/.og/at2.uheWG/igi', 'Fzb8zKaHu4', 1, '2021-03-21 01:58:19', '2021-03-21 01:58:19'),
(59, 'bdxUdALFqm', '9NW8sr3FXV@gmail.com', '2021-03-21 01:58:19', '$2y$10$92IXUNpkjO0rOQ5byMi.Ye4oKoEa3Ro9llC/.og/at2.uheWG/igi', 'RQ4g95m15Q', 1, '2021-03-21 01:58:19', '2021-03-21 01:58:19'),
(60, '9DoT6j9Cbw', 'oCZT0QaGrx@gmail.com', '2021-03-21 01:58:19', '$2y$10$92IXUNpkjO0rOQ5byMi.Ye4oKoEa3Ro9llC/.og/at2.uheWG/igi', '7tR2VrVF1u', 2, '2021-03-21 01:58:19', '2021-03-21 01:58:19'),
(61, '6L8ZGEnyJX', 'JGf9D44oC0@gmail.com', '2021-03-21 01:58:19', '$2y$10$92IXUNpkjO0rOQ5byMi.Ye4oKoEa3Ro9llC/.og/at2.uheWG/igi', 'euRmf7PoQF', 1, '2021-03-21 01:58:19', '2021-03-21 01:58:19'),
(62, '1YpzPQm8y5', 'ds1GHBhBb3@gmail.com', '2021-03-21 01:58:19', '$2y$10$92IXUNpkjO0rOQ5byMi.Ye4oKoEa3Ro9llC/.og/at2.uheWG/igi', 'ENaXwzsQNF', 1, '2021-03-21 01:58:19', '2021-03-21 01:58:19'),
(63, '2vuS0FoNUh', 'CzVWOFVQRF@gmail.com', '2021-03-21 01:58:19', '$2y$10$92IXUNpkjO0rOQ5byMi.Ye4oKoEa3Ro9llC/.og/at2.uheWG/igi', 'dbdsQV5iHE', 1, '2021-03-21 01:58:19', '2021-03-21 01:58:19'),
(64, 'JdghyFak5G', 'o4qe0b9DTL@gmail.com', '2021-03-21 01:58:19', '$2y$10$92IXUNpkjO0rOQ5byMi.Ye4oKoEa3Ro9llC/.og/at2.uheWG/igi', 'u8fgihlmTM', 2, '2021-03-21 01:58:19', '2021-03-21 01:58:19'),
(65, 'ioazIRkpWN', 'xUHJgTOMOh@gmail.com', '2021-03-21 01:58:19', '$2y$10$92IXUNpkjO0rOQ5byMi.Ye4oKoEa3Ro9llC/.og/at2.uheWG/igi', 'ONCE2KmPBP', 1, '2021-03-21 01:58:19', '2021-03-21 01:58:19'),
(66, 'SzckF1ZAjd', '7V0fnNE4Js@gmail.com', '2021-03-21 01:58:19', '$2y$10$92IXUNpkjO0rOQ5byMi.Ye4oKoEa3Ro9llC/.og/at2.uheWG/igi', 'p6XBl3zhDR', 1, '2021-03-21 01:58:19', '2021-03-21 01:58:19'),
(67, 'DA38Odq0EZ', 'gzblorEI2J@gmail.com', '2021-03-21 01:58:19', '$2y$10$92IXUNpkjO0rOQ5byMi.Ye4oKoEa3Ro9llC/.og/at2.uheWG/igi', 'RkRgMukJu0', 2, '2021-03-21 01:58:19', '2021-03-21 01:58:19'),
(68, 'hwQgM6TmuN', '1AVDq40zz2@gmail.com', '2021-03-21 01:58:19', '$2y$10$92IXUNpkjO0rOQ5byMi.Ye4oKoEa3Ro9llC/.og/at2.uheWG/igi', 'U0RVYd8SdY', 2, '2021-03-21 01:58:19', '2021-03-21 01:58:19'),
(69, 'rXv91tcyCx', 'GsvYM5qNVa@gmail.com', '2021-03-21 01:58:19', '$2y$10$92IXUNpkjO0rOQ5byMi.Ye4oKoEa3Ro9llC/.og/at2.uheWG/igi', 'sxD2TjdJ8Y', 2, '2021-03-21 01:58:19', '2021-03-21 01:58:19'),
(70, 'u3cHYHyZsg', 'o4dWzKRSvy@gmail.com', '2021-03-21 01:58:19', '$2y$10$92IXUNpkjO0rOQ5byMi.Ye4oKoEa3Ro9llC/.og/at2.uheWG/igi', 'VQmW58S0LW', 2, '2021-03-21 01:58:19', '2021-03-21 01:58:19'),
(71, 'k1UjTblQLT', 'KPMw8vfOjx@gmail.com', '2021-03-21 01:58:19', '$2y$10$92IXUNpkjO0rOQ5byMi.Ye4oKoEa3Ro9llC/.og/at2.uheWG/igi', 'JARIaNxVcp', 2, '2021-03-21 01:58:19', '2021-03-21 01:58:19'),
(72, 'BqI2nL713t', 'cQuQzLOnAJ@gmail.com', '2021-03-21 01:58:19', '$2y$10$92IXUNpkjO0rOQ5byMi.Ye4oKoEa3Ro9llC/.og/at2.uheWG/igi', '017xBGoBFl', 1, '2021-03-21 01:58:19', '2021-03-21 01:58:19'),
(73, 'VG3BGQ7gtD', 'bZKY8zh2hf@gmail.com', '2021-03-21 01:58:19', '$2y$10$92IXUNpkjO0rOQ5byMi.Ye4oKoEa3Ro9llC/.og/at2.uheWG/igi', 'Udq6qvfDJW', 2, '2021-03-21 01:58:19', '2021-03-21 01:58:19'),
(74, 'xckRygwNdu', 'XM7ub88rGK@gmail.com', '2021-03-21 01:58:19', '$2y$10$92IXUNpkjO0rOQ5byMi.Ye4oKoEa3Ro9llC/.og/at2.uheWG/igi', '5QrHWxk85s', 2, '2021-03-21 01:58:19', '2021-03-21 01:58:19'),
(75, 'MD03njlybG', '2QK5W54EGr@gmail.com', '2021-03-21 01:58:19', '$2y$10$92IXUNpkjO0rOQ5byMi.Ye4oKoEa3Ro9llC/.og/at2.uheWG/igi', 'dmsnbk6ARb', 2, '2021-03-21 01:58:19', '2021-03-21 01:58:19'),
(76, '2ASQvouMdT', 'SBbWjnLUY9@gmail.com', '2021-03-21 01:58:19', '$2y$10$92IXUNpkjO0rOQ5byMi.Ye4oKoEa3Ro9llC/.og/at2.uheWG/igi', 'w1nM0ojstr', 1, '2021-03-21 01:58:19', '2021-03-21 01:58:19'),
(77, 'jDnTZSpi1T', 'ufT2N8bqrv@gmail.com', '2021-03-21 01:58:19', '$2y$10$92IXUNpkjO0rOQ5byMi.Ye4oKoEa3Ro9llC/.og/at2.uheWG/igi', 'NVSkw40Blq', 1, '2021-03-21 01:58:19', '2021-03-21 01:58:19'),
(78, 'DRmh0QtN9J', 'g32A2ngKCg@gmail.com', '2021-03-21 01:58:19', '$2y$10$92IXUNpkjO0rOQ5byMi.Ye4oKoEa3Ro9llC/.og/at2.uheWG/igi', 'LRjNZQCFje', 1, '2021-03-21 01:58:19', '2021-03-21 01:58:19'),
(79, 'bcNypBS57T', 'GjW9ETRKXs@gmail.com', '2021-03-21 01:58:19', '$2y$10$92IXUNpkjO0rOQ5byMi.Ye4oKoEa3Ro9llC/.og/at2.uheWG/igi', 'DV6c4F07Z4', 1, '2021-03-21 01:58:19', '2021-03-21 01:58:19'),
(80, 'Lue6lXPdIg', 'JMIDNWV96h@gmail.com', '2021-03-21 01:58:19', '$2y$10$92IXUNpkjO0rOQ5byMi.Ye4oKoEa3Ro9llC/.og/at2.uheWG/igi', 'p3nEQjolWV', 1, '2021-03-21 01:58:19', '2021-03-21 01:58:19'),
(81, 'xtJS3s0VZk', 'cSr0UBV8Ra@gmail.com', '2021-03-21 01:58:19', '$2y$10$92IXUNpkjO0rOQ5byMi.Ye4oKoEa3Ro9llC/.og/at2.uheWG/igi', 'P7iHuw5gMG', 1, '2021-03-21 01:58:19', '2021-03-21 01:58:19'),
(82, 'Ob9KdNKulF', 'w43084Yd7q@gmail.com', '2021-03-21 01:58:19', '$2y$10$92IXUNpkjO0rOQ5byMi.Ye4oKoEa3Ro9llC/.og/at2.uheWG/igi', 'MKWSr3Pgs6', 1, '2021-03-21 01:58:19', '2021-03-21 01:58:19'),
(83, '4wEelacoHm', 'Zqs1esgOi8@gmail.com', '2021-03-21 01:58:19', '$2y$10$92IXUNpkjO0rOQ5byMi.Ye4oKoEa3Ro9llC/.og/at2.uheWG/igi', 'PXQJxPJAWB', 2, '2021-03-21 01:58:19', '2021-03-21 01:58:19'),
(84, 'L6gCoKKTyF', 'dIZTdjbktw@gmail.com', '2021-03-21 01:58:19', '$2y$10$92IXUNpkjO0rOQ5byMi.Ye4oKoEa3Ro9llC/.og/at2.uheWG/igi', 'OD7ccgBqkg', 1, '2021-03-21 01:58:19', '2021-03-21 01:58:19'),
(85, 'hyF8rAQ0um', 'LzmeblSImc@gmail.com', '2021-03-21 01:58:19', '$2y$10$92IXUNpkjO0rOQ5byMi.Ye4oKoEa3Ro9llC/.og/at2.uheWG/igi', '4gumw1uMHO', 1, '2021-03-21 01:58:19', '2021-03-21 01:58:19'),
(86, 'W4jeUVkGyE', 'AJ3II6CN20@gmail.com', '2021-03-21 01:58:19', '$2y$10$92IXUNpkjO0rOQ5byMi.Ye4oKoEa3Ro9llC/.og/at2.uheWG/igi', 'uRCN8Oto6y', 1, '2021-03-21 01:58:19', '2021-03-21 01:58:19'),
(87, 'Ac6XELUUi9', 'Nm8c7UyYMQ@gmail.com', '2021-03-21 01:58:19', '$2y$10$92IXUNpkjO0rOQ5byMi.Ye4oKoEa3Ro9llC/.og/at2.uheWG/igi', 'DQg0ajKQQf', 1, '2021-03-21 01:58:19', '2021-03-21 01:58:19'),
(88, 'w59P35y7mJ', 'q68mgsAxgd@gmail.com', '2021-03-21 01:58:19', '$2y$10$92IXUNpkjO0rOQ5byMi.Ye4oKoEa3Ro9llC/.og/at2.uheWG/igi', 'js64QGouIV', 2, '2021-03-21 01:58:19', '2021-03-21 01:58:19'),
(89, 'CAz4Geo64f', '3DPhvB0j3d@gmail.com', '2021-03-21 01:58:19', '$2y$10$92IXUNpkjO0rOQ5byMi.Ye4oKoEa3Ro9llC/.og/at2.uheWG/igi', 'hWuCvnk5fF', 1, '2021-03-21 01:58:19', '2021-03-21 01:58:19'),
(90, 'M31grmFHCR', 'aDxuawHXfc@gmail.com', '2021-03-21 01:58:19', '$2y$10$92IXUNpkjO0rOQ5byMi.Ye4oKoEa3Ro9llC/.og/at2.uheWG/igi', 'ObzKXKhVGa', 2, '2021-03-21 01:58:19', '2021-03-21 01:58:19'),
(91, 'ixbSmx3pva', 'SX7mX7lXWq@gmail.com', '2021-03-21 01:58:19', '$2y$10$92IXUNpkjO0rOQ5byMi.Ye4oKoEa3Ro9llC/.og/at2.uheWG/igi', 'EQE9h9pJ8C', 1, '2021-03-21 01:58:19', '2021-03-21 01:58:19'),
(92, 'd8ECaA7NYz', 'oNvCWcpJoR@gmail.com', '2021-03-21 01:58:19', '$2y$10$92IXUNpkjO0rOQ5byMi.Ye4oKoEa3Ro9llC/.og/at2.uheWG/igi', 'ynyAM5T9cB', 2, '2021-03-21 01:58:19', '2021-03-21 01:58:19'),
(93, 'VSFHVXnLTj', 'cNbyz9nvk5@gmail.com', '2021-03-21 01:58:19', '$2y$10$92IXUNpkjO0rOQ5byMi.Ye4oKoEa3Ro9llC/.og/at2.uheWG/igi', 'axUiOXA8UA', 2, '2021-03-21 01:58:19', '2021-03-21 01:58:19'),
(94, '9N2fr6aikm', 'iSpXW5dA0G@gmail.com', '2021-03-21 01:58:19', '$2y$10$92IXUNpkjO0rOQ5byMi.Ye4oKoEa3Ro9llC/.og/at2.uheWG/igi', 'WJQyXGgR3y', 2, '2021-03-21 01:58:19', '2021-03-21 01:58:19'),
(95, 'gd2cBXRE8n', 'dSVHY3Pg09@gmail.com', '2021-03-21 01:58:19', '$2y$10$92IXUNpkjO0rOQ5byMi.Ye4oKoEa3Ro9llC/.og/at2.uheWG/igi', 'MH5naJKWhL', 2, '2021-03-21 01:58:19', '2021-03-21 01:58:19'),
(96, '52nAELWul2', 'Sx64jHRBRU@gmail.com', '2021-03-21 01:58:19', '$2y$10$92IXUNpkjO0rOQ5byMi.Ye4oKoEa3Ro9llC/.og/at2.uheWG/igi', 'Npg98we5DB', 2, '2021-03-21 01:58:19', '2021-03-21 01:58:19'),
(97, 'G94MqzzHFB', 'LhpjnhewWK@gmail.com', '2021-03-21 01:58:19', '$2y$10$92IXUNpkjO0rOQ5byMi.Ye4oKoEa3Ro9llC/.og/at2.uheWG/igi', 'NlBxjVhAb3', 1, '2021-03-21 01:58:19', '2021-03-21 01:58:19'),
(98, 'TIkXtLOGcx', '1QDMslwgUE@gmail.com', '2021-03-21 01:58:19', '$2y$10$92IXUNpkjO0rOQ5byMi.Ye4oKoEa3Ro9llC/.og/at2.uheWG/igi', 'UjPMO2sA53', 1, '2021-03-21 01:58:19', '2021-03-21 01:58:19'),
(99, 'anKzB8Vl2D', 'fn4nRjpuAX@gmail.com', '2021-03-21 01:58:19', '$2y$10$92IXUNpkjO0rOQ5byMi.Ye4oKoEa3Ro9llC/.og/at2.uheWG/igi', 'cjbbjtOjXS', 2, '2021-03-21 01:58:19', '2021-03-21 01:58:19'),
(100, 'F7SApFOaHZ', '8hKTUUFq3s@gmail.com', '2021-03-21 01:58:19', '$2y$10$92IXUNpkjO0rOQ5byMi.Ye4oKoEa3Ro9llC/.og/at2.uheWG/igi', '2WUWizg5pC', 2, '2021-03-21 01:58:19', '2021-03-21 01:58:19'),
(101, 'Hh7Ibsdjlo', 'dCMKf9Lmfh@gmail.com', '2021-03-21 01:58:19', '$2y$10$92IXUNpkjO0rOQ5byMi.Ye4oKoEa3Ro9llC/.og/at2.uheWG/igi', '1cO18dlORb', 2, '2021-03-21 01:58:19', '2021-03-21 01:58:19'),
(102, 'ED27COMdxF', 'YCZe6yWMjC@gmail.com', '2021-03-21 01:58:19', '$2y$10$92IXUNpkjO0rOQ5byMi.Ye4oKoEa3Ro9llC/.og/at2.uheWG/igi', 'BBdaVxr6WH', 1, '2021-03-21 01:58:19', '2021-03-21 01:58:19'),
(103, 'lWvp6onIlq', '0hIaSzX8og@gmail.com', '2021-03-21 01:58:19', '$2y$10$92IXUNpkjO0rOQ5byMi.Ye4oKoEa3Ro9llC/.og/at2.uheWG/igi', 'GFnyBC0Gid', 1, '2021-03-21 01:58:19', '2021-03-21 01:58:19'),
(104, 'KRy6xU4PSM', 'SolcO5qCcX@gmail.com', '2021-03-21 01:58:19', '$2y$10$92IXUNpkjO0rOQ5byMi.Ye4oKoEa3Ro9llC/.og/at2.uheWG/igi', 'B4hmPrSyVJ', 1, '2021-03-21 01:58:19', '2021-03-21 01:58:19'),
(105, 'yVj22KEnrr', '4YCeEzLgDm@gmail.com', '2021-03-21 01:58:19', '$2y$10$92IXUNpkjO0rOQ5byMi.Ye4oKoEa3Ro9llC/.og/at2.uheWG/igi', 'hBgBIOZjHQ', 1, '2021-03-21 01:58:19', '2021-03-21 01:58:19'),
(106, 'nJ5LHYVH68', 'jleL8XZqvE@gmail.com', '2021-03-21 01:58:19', '$2y$10$92IXUNpkjO0rOQ5byMi.Ye4oKoEa3Ro9llC/.og/at2.uheWG/igi', '9apmiXZzp0', 1, '2021-03-21 01:58:19', '2021-03-21 01:58:19'),
(107, 'lZV1q5WRyc', 'VUFqswTSgp@gmail.com', '2021-03-21 01:58:19', '$2y$10$92IXUNpkjO0rOQ5byMi.Ye4oKoEa3Ro9llC/.og/at2.uheWG/igi', 'a6O2AJtURp', 1, '2021-03-21 01:58:19', '2021-03-21 01:58:19'),
(108, 'UYgixRVNFI', 'IdnuFcC43L@gmail.com', '2021-03-21 01:58:19', '$2y$10$92IXUNpkjO0rOQ5byMi.Ye4oKoEa3Ro9llC/.og/at2.uheWG/igi', 'kMrRQgQ3kL', 2, '2021-03-21 01:58:19', '2021-03-21 01:58:19'),
(109, 'idhBOH8nvU', 'spUak6CbkG@gmail.com', '2021-03-21 01:58:19', '$2y$10$92IXUNpkjO0rOQ5byMi.Ye4oKoEa3Ro9llC/.og/at2.uheWG/igi', 'rD6ECP7UUX', 2, '2021-03-21 01:58:19', '2021-03-21 01:58:19'),
(110, 'r5QPVLCf41', 'A2UaBBtwfe@gmail.com', '2021-03-21 01:58:19', '$2y$10$92IXUNpkjO0rOQ5byMi.Ye4oKoEa3Ro9llC/.og/at2.uheWG/igi', '9dnk4sYFKA', 2, '2021-03-21 01:58:19', '2021-03-21 01:58:19'),
(111, '9e6lBEGFD2', 'w2MVpl90Ja@gmail.com', '2021-03-21 01:58:19', '$2y$10$92IXUNpkjO0rOQ5byMi.Ye4oKoEa3Ro9llC/.og/at2.uheWG/igi', 'qFNYTI53p2', 1, '2021-03-21 01:58:19', '2021-03-21 01:58:19'),
(112, 'unjv329pXi', 'RpAOIr8HU6@gmail.com', '2021-03-21 01:58:19', '$2y$10$92IXUNpkjO0rOQ5byMi.Ye4oKoEa3Ro9llC/.og/at2.uheWG/igi', 'NNWlsxuyPQ', 2, '2021-03-21 01:58:19', '2021-03-21 01:58:19'),
(113, 'vIaypKzgj9', 'xZ7FDDJb2I@gmail.com', '2021-03-21 01:58:19', '$2y$10$92IXUNpkjO0rOQ5byMi.Ye4oKoEa3Ro9llC/.og/at2.uheWG/igi', 'KfyyWPltfk', 2, '2021-03-21 01:58:19', '2021-03-21 01:58:19'),
(114, 'vnWNEc0flO', 'xgmJGBuAKo@gmail.com', '2021-03-21 01:58:19', '$2y$10$92IXUNpkjO0rOQ5byMi.Ye4oKoEa3Ro9llC/.og/at2.uheWG/igi', 'AYQlSodox1', 2, '2021-03-21 01:58:19', '2021-03-21 01:58:19'),
(115, '86tsl7qayQ', 'Nm5i1M5der@gmail.com', '2021-03-21 01:58:19', '$2y$10$92IXUNpkjO0rOQ5byMi.Ye4oKoEa3Ro9llC/.og/at2.uheWG/igi', 'vm6gdPq3EH', 1, '2021-03-21 01:58:19', '2021-03-21 01:58:19'),
(116, 'WkiorWtNrX', 'IBcKqdORgL@gmail.com', '2021-03-21 01:58:19', '$2y$10$92IXUNpkjO0rOQ5byMi.Ye4oKoEa3Ro9llC/.og/at2.uheWG/igi', 'T42DuojOQZ', 1, '2021-03-21 01:58:19', '2021-03-21 01:58:19'),
(117, 'WtgeMdeDZI', 'G60kOsiKpQ@gmail.com', '2021-03-21 01:58:19', '$2y$10$92IXUNpkjO0rOQ5byMi.Ye4oKoEa3Ro9llC/.og/at2.uheWG/igi', 'DiW5uVWnrh', 2, '2021-03-21 01:58:19', '2021-03-21 01:58:19'),
(118, 'Q0MCeDRWOX', 'OKB95naE3j@gmail.com', '2021-03-21 01:58:19', '$2y$10$92IXUNpkjO0rOQ5byMi.Ye4oKoEa3Ro9llC/.og/at2.uheWG/igi', 'O8Bg86ACGq', 1, '2021-03-21 01:58:19', '2021-03-21 01:58:19'),
(119, '7PZsLmZcGW', 'xktDsp4d6V@gmail.com', '2021-03-21 01:58:19', '$2y$10$92IXUNpkjO0rOQ5byMi.Ye4oKoEa3Ro9llC/.og/at2.uheWG/igi', 'MGZgJU8HYV', 1, '2021-03-21 01:58:19', '2021-03-21 01:58:19'),
(120, 'G0ywPqKp9l', 'E2WxOpMxI4@gmail.com', '2021-03-21 01:58:19', '$2y$10$92IXUNpkjO0rOQ5byMi.Ye4oKoEa3Ro9llC/.og/at2.uheWG/igi', '3zycGXCRUp', 2, '2021-03-21 01:58:19', '2021-03-21 01:58:19'),
(121, 's71xzOkVFf', 'IB7dFijt6d@gmail.com', '2021-03-21 01:58:19', '$2y$10$92IXUNpkjO0rOQ5byMi.Ye4oKoEa3Ro9llC/.og/at2.uheWG/igi', 'YhV3qHyB4o', 1, '2021-03-21 01:58:19', '2021-03-21 01:58:19'),
(122, 'VEo8XpTkh8', 'SL3NRsjJ1J@gmail.com', '2021-03-21 01:58:19', '$2y$10$92IXUNpkjO0rOQ5byMi.Ye4oKoEa3Ro9llC/.og/at2.uheWG/igi', 'cHYc74K9Rs', 2, '2021-03-21 01:58:19', '2021-03-21 01:58:19'),
(123, 'beroSEXDIz', 'sCXRmX3ax4@gmail.com', '2021-03-21 01:58:19', '$2y$10$92IXUNpkjO0rOQ5byMi.Ye4oKoEa3Ro9llC/.og/at2.uheWG/igi', 'ApFK2lP394', 2, '2021-03-21 01:58:19', '2021-03-21 01:58:19'),
(124, '4Tw7QMYOPD', '12PJ2lqIaE@gmail.com', '2021-03-21 01:58:19', '$2y$10$92IXUNpkjO0rOQ5byMi.Ye4oKoEa3Ro9llC/.og/at2.uheWG/igi', 'YjAQxT5tkl', 2, '2021-03-21 01:58:19', '2021-03-21 01:58:19'),
(125, 'U09xSOjPhK', 'iDbRfCdrwr@gmail.com', '2021-03-21 01:58:19', '$2y$10$92IXUNpkjO0rOQ5byMi.Ye4oKoEa3Ro9llC/.og/at2.uheWG/igi', '7vg0UuiSc8', 1, '2021-03-21 01:58:19', '2021-03-21 01:58:19'),
(126, 'OXhnjqlklT', 'EdRN29heg3@gmail.com', '2021-03-21 01:58:19', '$2y$10$92IXUNpkjO0rOQ5byMi.Ye4oKoEa3Ro9llC/.og/at2.uheWG/igi', 'bLebseIgPK', 2, '2021-03-21 01:58:19', '2021-03-21 01:58:19'),
(127, 'Wn59Nl8yJy', 'dCuCeDpvrH@gmail.com', '2021-03-21 01:58:19', '$2y$10$92IXUNpkjO0rOQ5byMi.Ye4oKoEa3Ro9llC/.og/at2.uheWG/igi', 'iIli2hI4NS', 2, '2021-03-21 01:58:19', '2021-03-21 01:58:19'),
(128, 'KgPglbxaWD', 'YSLswrgkwo@gmail.com', '2021-03-21 01:58:19', '$2y$10$92IXUNpkjO0rOQ5byMi.Ye4oKoEa3Ro9llC/.og/at2.uheWG/igi', 'csdOZ4xt81', 1, '2021-03-21 01:58:19', '2021-03-21 01:58:19'),
(129, 'Sd8I3ONvr4', 'r7ArHp5vVS@gmail.com', '2021-03-21 01:58:19', '$2y$10$92IXUNpkjO0rOQ5byMi.Ye4oKoEa3Ro9llC/.og/at2.uheWG/igi', 'IYN95DY89S', 2, '2021-03-21 01:58:19', '2021-03-21 01:58:19'),
(130, 'ceYo5rpWxO', '6pY9ZoRfWX@gmail.com', '2021-03-21 01:58:19', '$2y$10$92IXUNpkjO0rOQ5byMi.Ye4oKoEa3Ro9llC/.og/at2.uheWG/igi', 'Ia99mz09kC', 1, '2021-03-21 01:58:19', '2021-03-21 01:58:19'),
(131, 'FXI5OWLIpp', 'gG8bW2ikw4@gmail.com', '2021-03-21 01:58:19', '$2y$10$92IXUNpkjO0rOQ5byMi.Ye4oKoEa3Ro9llC/.og/at2.uheWG/igi', '9ftp5ewtVP', 1, '2021-03-21 01:58:19', '2021-03-21 01:58:19'),
(132, 'l0D5qqauNh', '7nnBdeBoxo@gmail.com', '2021-03-21 01:58:19', '$2y$10$92IXUNpkjO0rOQ5byMi.Ye4oKoEa3Ro9llC/.og/at2.uheWG/igi', 'Xi0ykaQZ9M', 1, '2021-03-21 01:58:19', '2021-03-21 01:58:19'),
(133, 'cJyjs5L4DT', 'Teqh53kViz@gmail.com', '2021-03-21 01:58:19', '$2y$10$92IXUNpkjO0rOQ5byMi.Ye4oKoEa3Ro9llC/.og/at2.uheWG/igi', 'kqV41mkr3M', 1, '2021-03-21 01:58:19', '2021-03-21 01:58:19'),
(134, 'gJjkhnX0dz', 'XkwZHYiPPi@gmail.com', '2021-03-21 01:58:19', '$2y$10$92IXUNpkjO0rOQ5byMi.Ye4oKoEa3Ro9llC/.og/at2.uheWG/igi', 'a8Qze8flr6', 1, '2021-03-21 01:58:19', '2021-03-21 01:58:19'),
(135, '4HfiS0WPgR', 'Uvv89eqyBF@gmail.com', '2021-03-21 01:58:19', '$2y$10$92IXUNpkjO0rOQ5byMi.Ye4oKoEa3Ro9llC/.og/at2.uheWG/igi', 'xwvbyPBNql', 1, '2021-03-21 01:58:19', '2021-03-21 01:58:19'),
(136, 'wqOXe5J4KP', 'REF0hC27tn@gmail.com', '2021-03-21 01:58:19', '$2y$10$92IXUNpkjO0rOQ5byMi.Ye4oKoEa3Ro9llC/.og/at2.uheWG/igi', 'tcTiBwYdYM', 1, '2021-03-21 01:58:19', '2021-03-21 01:58:19'),
(137, 'BU5rQ6qI6b', 'yHZy0aNoNb@gmail.com', '2021-03-21 01:58:19', '$2y$10$92IXUNpkjO0rOQ5byMi.Ye4oKoEa3Ro9llC/.og/at2.uheWG/igi', 'F7sSmoZNjx', 2, '2021-03-21 01:58:19', '2021-03-21 01:58:19'),
(138, 'm9yOxOUq3v', 'LrvM4YA7QG@gmail.com', '2021-03-21 01:58:19', '$2y$10$92IXUNpkjO0rOQ5byMi.Ye4oKoEa3Ro9llC/.og/at2.uheWG/igi', 'W4Lar1SFNQ', 1, '2021-03-21 01:58:19', '2021-03-21 01:58:19'),
(139, 'iWQ5CAnNou', '78P4jYVzZo@gmail.com', '2021-03-21 01:58:19', '$2y$10$92IXUNpkjO0rOQ5byMi.Ye4oKoEa3Ro9llC/.og/at2.uheWG/igi', 'nxSRvebNee', 2, '2021-03-21 01:58:19', '2021-03-21 01:58:19'),
(140, '9NjLSqK2ws', 'nzOkooIdml@gmail.com', '2021-03-21 01:58:19', '$2y$10$92IXUNpkjO0rOQ5byMi.Ye4oKoEa3Ro9llC/.og/at2.uheWG/igi', 'vBYaMkBwpy', 2, '2021-03-21 01:58:19', '2021-03-21 01:58:19'),
(141, 'FV9VFR3LCL', 'U2epFcLRNP@gmail.com', '2021-03-21 01:58:19', '$2y$10$92IXUNpkjO0rOQ5byMi.Ye4oKoEa3Ro9llC/.og/at2.uheWG/igi', 'FgeqneGaAw', 2, '2021-03-21 01:58:19', '2021-03-21 01:58:19'),
(142, 'BO10fkAVfn', 'PR1TPHXOo5@gmail.com', '2021-03-21 01:58:19', '$2y$10$92IXUNpkjO0rOQ5byMi.Ye4oKoEa3Ro9llC/.og/at2.uheWG/igi', 'XWEu9i4L3g', 1, '2021-03-21 01:58:19', '2021-03-21 01:58:19'),
(143, 'X7kggj02Fg', 'FtYJIqer9Z@gmail.com', '2021-03-21 01:58:19', '$2y$10$92IXUNpkjO0rOQ5byMi.Ye4oKoEa3Ro9llC/.og/at2.uheWG/igi', 'gkBxGCXtxG', 1, '2021-03-21 01:58:19', '2021-03-21 01:58:19'),
(144, 'FCImPg7TIH', 'H2DqPoAF76@gmail.com', '2021-03-21 01:58:19', '$2y$10$92IXUNpkjO0rOQ5byMi.Ye4oKoEa3Ro9llC/.og/at2.uheWG/igi', 'fCuknSjatE', 2, '2021-03-21 01:58:19', '2021-03-21 01:58:19'),
(145, 'Ts20XMFXdo', 'hDIb81h1R5@gmail.com', '2021-03-21 01:58:19', '$2y$10$92IXUNpkjO0rOQ5byMi.Ye4oKoEa3Ro9llC/.og/at2.uheWG/igi', 'orKYCxJ636', 2, '2021-03-21 01:58:19', '2021-03-21 01:58:19'),
(146, 'kcUcqz7get', 'Idt2v6dzzJ@gmail.com', '2021-03-21 01:58:19', '$2y$10$92IXUNpkjO0rOQ5byMi.Ye4oKoEa3Ro9llC/.og/at2.uheWG/igi', 'KmxrtqjK0w', 2, '2021-03-21 01:58:19', '2021-03-21 01:58:19'),
(147, 'iV2jD70RFF', 'QxFuWYqGm3@gmail.com', '2021-03-21 01:58:19', '$2y$10$92IXUNpkjO0rOQ5byMi.Ye4oKoEa3Ro9llC/.og/at2.uheWG/igi', 'N0lpRM1gYX', 2, '2021-03-21 01:58:19', '2021-03-21 01:58:19'),
(148, '9j1urDW7zE', 'tivROnxbQ5@gmail.com', '2021-03-21 01:58:19', '$2y$10$92IXUNpkjO0rOQ5byMi.Ye4oKoEa3Ro9llC/.og/at2.uheWG/igi', 'WooLkc2vln', 2, '2021-03-21 01:58:19', '2021-03-21 01:58:19'),
(149, 'x7LkgOjsi1', 'OOxEMfn3zw@gmail.com', '2021-03-21 01:58:19', '$2y$10$92IXUNpkjO0rOQ5byMi.Ye4oKoEa3Ro9llC/.og/at2.uheWG/igi', 'WG1hSm4NWa', 2, '2021-03-21 01:58:19', '2021-03-21 01:58:19'),
(150, 'lEH5RLZHcJ', 'PVMgZtp5E7@gmail.com', '2021-03-21 01:58:19', '$2y$10$92IXUNpkjO0rOQ5byMi.Ye4oKoEa3Ro9llC/.og/at2.uheWG/igi', 'ppVi1CCyYI', 2, '2021-03-21 01:58:19', '2021-03-21 01:58:19'),
(151, 'is4HRv1Asj', '8I95DPYcAw@gmail.com', '2021-03-21 01:58:19', '$2y$10$92IXUNpkjO0rOQ5byMi.Ye4oKoEa3Ro9llC/.og/at2.uheWG/igi', 'DLlerWMKDc', 1, '2021-03-21 01:58:19', '2021-03-21 01:58:19'),
(152, '7CJFgKeX6l', 'bHAVC0Sahp@gmail.com', '2021-03-21 01:58:19', '$2y$10$92IXUNpkjO0rOQ5byMi.Ye4oKoEa3Ro9llC/.og/at2.uheWG/igi', 'IL29aUcTta', 1, '2021-03-21 01:58:19', '2021-03-21 01:58:19'),
(153, 'opdZPi9d2l', 'UjkiSymgRs@gmail.com', '2021-03-21 01:58:19', '$2y$10$92IXUNpkjO0rOQ5byMi.Ye4oKoEa3Ro9llC/.og/at2.uheWG/igi', 'XoqvydZtNU', 1, '2021-03-21 01:58:19', '2021-03-21 01:58:19'),
(154, 'Z70EzHBAhk', '7gfa1YNaXw@gmail.com', '2021-03-21 01:58:19', '$2y$10$92IXUNpkjO0rOQ5byMi.Ye4oKoEa3Ro9llC/.og/at2.uheWG/igi', '9ltA8KI8xL', 1, '2021-03-21 01:58:19', '2021-03-21 01:58:19'),
(155, 'ZA2lXlhvuE', 'BXv46aSKGV@gmail.com', '2021-03-21 01:58:19', '$2y$10$92IXUNpkjO0rOQ5byMi.Ye4oKoEa3Ro9llC/.og/at2.uheWG/igi', '52FTBQ0fWX', 1, '2021-03-21 01:58:19', '2021-03-21 01:58:19'),
(156, '3LxwrDEieo', 'I3XO3UzGzg@gmail.com', '2021-03-21 01:58:19', '$2y$10$92IXUNpkjO0rOQ5byMi.Ye4oKoEa3Ro9llC/.og/at2.uheWG/igi', 'H5A77nCGgp', 1, '2021-03-21 01:58:19', '2021-03-21 01:58:19'),
(157, 'iQ0JiDGzfC', 'IiaeeYKtoQ@gmail.com', '2021-03-21 01:58:19', '$2y$10$92IXUNpkjO0rOQ5byMi.Ye4oKoEa3Ro9llC/.og/at2.uheWG/igi', 'H5TuLAGIfn', 2, '2021-03-21 01:58:19', '2021-03-21 01:58:19'),
(158, 'DxVnRI73Ko', 'RNMTixADjW@gmail.com', '2021-03-21 01:58:19', '$2y$10$92IXUNpkjO0rOQ5byMi.Ye4oKoEa3Ro9llC/.og/at2.uheWG/igi', 'BPOzBj3s8f', 2, '2021-03-21 01:58:19', '2021-03-21 01:58:19'),
(159, 'oyMKLjqRSU', '5gV0ULmASI@gmail.com', '2021-03-21 01:58:19', '$2y$10$92IXUNpkjO0rOQ5byMi.Ye4oKoEa3Ro9llC/.og/at2.uheWG/igi', 'S83NdLF6r9', 1, '2021-03-21 01:58:19', '2021-03-21 01:58:19'),
(160, 'vJ0WTpdb2e', '9j6XpSKOLs@gmail.com', '2021-03-21 01:58:19', '$2y$10$92IXUNpkjO0rOQ5byMi.Ye4oKoEa3Ro9llC/.og/at2.uheWG/igi', 'VVKnyHjWnk', 1, '2021-03-21 01:58:19', '2021-03-21 01:58:19'),
(161, 'LB17Ju5thz', 'HFpouuEKr4@gmail.com', '2021-03-21 01:58:19', '$2y$10$92IXUNpkjO0rOQ5byMi.Ye4oKoEa3Ro9llC/.og/at2.uheWG/igi', 'WEgvISeje6', 2, '2021-03-21 01:58:19', '2021-03-21 01:58:19'),
(162, 'y1kohVIfJy', 'TLgoQZiHMj@gmail.com', '2021-03-21 01:58:19', '$2y$10$92IXUNpkjO0rOQ5byMi.Ye4oKoEa3Ro9llC/.og/at2.uheWG/igi', 'q6irrwwGzv', 1, '2021-03-21 01:58:19', '2021-03-21 01:58:19'),
(163, 't4leyCXsYt', 'FGC0qknfEQ@gmail.com', '2021-03-21 01:58:19', '$2y$10$92IXUNpkjO0rOQ5byMi.Ye4oKoEa3Ro9llC/.og/at2.uheWG/igi', '8UOsUow32S', 2, '2021-03-21 01:58:19', '2021-03-21 01:58:19'),
(164, 'O47Ne7A1bm', 'QUMMCRUMMO@gmail.com', '2021-03-21 01:58:19', '$2y$10$92IXUNpkjO0rOQ5byMi.Ye4oKoEa3Ro9llC/.og/at2.uheWG/igi', 'acGoOsvfHC', 2, '2021-03-21 01:58:19', '2021-03-21 01:58:19'),
(165, '0i5UUs6CPf', 'pAzvkBdnEz@gmail.com', '2021-03-21 01:58:19', '$2y$10$92IXUNpkjO0rOQ5byMi.Ye4oKoEa3Ro9llC/.og/at2.uheWG/igi', 'UBGcBdHfYR', 2, '2021-03-21 01:58:19', '2021-03-21 01:58:19'),
(166, 'm0zEBgK8Px', 'NBsn7lwVHi@gmail.com', '2021-03-21 01:58:19', '$2y$10$92IXUNpkjO0rOQ5byMi.Ye4oKoEa3Ro9llC/.og/at2.uheWG/igi', 'M3m5WvKAuy', 2, '2021-03-21 01:58:19', '2021-03-21 01:58:19'),
(167, 'bVzuqfYvOZ', 'CoTrFJJ44E@gmail.com', '2021-03-21 01:58:19', '$2y$10$92IXUNpkjO0rOQ5byMi.Ye4oKoEa3Ro9llC/.og/at2.uheWG/igi', 'bD3RnSydzF', 1, '2021-03-21 01:58:19', '2021-03-21 01:58:19'),
(168, '6HATZ5Xta8', 'RpxWZ5dq5C@gmail.com', '2021-03-21 01:58:19', '$2y$10$92IXUNpkjO0rOQ5byMi.Ye4oKoEa3Ro9llC/.og/at2.uheWG/igi', 'Lv3QoBZqvo', 1, '2021-03-21 01:58:19', '2021-03-21 01:58:19'),
(169, 'OwWnaoQxMe', '4Azu7o2nsZ@gmail.com', '2021-03-21 01:58:19', '$2y$10$92IXUNpkjO0rOQ5byMi.Ye4oKoEa3Ro9llC/.og/at2.uheWG/igi', 'thVmGLDBHZ', 2, '2021-03-21 01:58:19', '2021-03-21 01:58:19'),
(170, 'Wxc7nFid5S', 'bh3P77bUp2@gmail.com', '2021-03-21 01:58:19', '$2y$10$92IXUNpkjO0rOQ5byMi.Ye4oKoEa3Ro9llC/.og/at2.uheWG/igi', 'aU2llsMrRB', 2, '2021-03-21 01:58:19', '2021-03-21 01:58:19'),
(171, 'Wp4BhHbxdO', 'VYKecZZ6Al@gmail.com', '2021-03-21 01:58:19', '$2y$10$92IXUNpkjO0rOQ5byMi.Ye4oKoEa3Ro9llC/.og/at2.uheWG/igi', 'tfG3Whs9Hy', 1, '2021-03-21 01:58:19', '2021-03-21 01:58:19'),
(172, 'JhjFMmlqdN', 'VEAbTqhNLI@gmail.com', '2021-03-21 01:58:19', '$2y$10$92IXUNpkjO0rOQ5byMi.Ye4oKoEa3Ro9llC/.og/at2.uheWG/igi', 'Q2qubJaWvo', 2, '2021-03-21 01:58:19', '2021-03-21 01:58:19'),
(173, '6rPpQ8D8uv', '0noEAwFdLY@gmail.com', '2021-03-21 01:58:19', '$2y$10$92IXUNpkjO0rOQ5byMi.Ye4oKoEa3Ro9llC/.og/at2.uheWG/igi', '55sMuXqdCz', 2, '2021-03-21 01:58:19', '2021-03-21 01:58:19'),
(174, '6VhJphCCCO', 'rXBhRb8UEY@gmail.com', '2021-03-21 01:58:19', '$2y$10$92IXUNpkjO0rOQ5byMi.Ye4oKoEa3Ro9llC/.og/at2.uheWG/igi', 'R5tIIB0ClM', 2, '2021-03-21 01:58:19', '2021-03-21 01:58:19'),
(175, 'W1A4YcAvcQ', 'DFPt6Lnk9t@gmail.com', '2021-03-21 01:58:19', '$2y$10$92IXUNpkjO0rOQ5byMi.Ye4oKoEa3Ro9llC/.og/at2.uheWG/igi', 'mOjmUwR3c2', 2, '2021-03-21 01:58:19', '2021-03-21 01:58:19'),
(176, 'FcyOlxVvBm', 'j82R8fyxX5@gmail.com', '2021-03-21 01:58:19', '$2y$10$92IXUNpkjO0rOQ5byMi.Ye4oKoEa3Ro9llC/.og/at2.uheWG/igi', 'E0cUf2ixGT', 1, '2021-03-21 01:58:19', '2021-03-21 01:58:19'),
(177, 'OUXtOMFGRe', 'sf7Pcs8nNN@gmail.com', '2021-03-21 01:58:19', '$2y$10$92IXUNpkjO0rOQ5byMi.Ye4oKoEa3Ro9llC/.og/at2.uheWG/igi', 'j4hC0DhFHh', 2, '2021-03-21 01:58:19', '2021-03-21 01:58:19'),
(178, 'ZlNkkFRApt', 'qaoQJZX3wQ@gmail.com', '2021-03-21 01:58:19', '$2y$10$92IXUNpkjO0rOQ5byMi.Ye4oKoEa3Ro9llC/.og/at2.uheWG/igi', '9FMIre3IXH', 1, '2021-03-21 01:58:19', '2021-03-21 01:58:19'),
(179, 'kJvK2PCNkO', 'opJj11kr6T@gmail.com', '2021-03-21 01:58:19', '$2y$10$92IXUNpkjO0rOQ5byMi.Ye4oKoEa3Ro9llC/.og/at2.uheWG/igi', 'SqVd1f2WAT', 1, '2021-03-21 01:58:19', '2021-03-21 01:58:19'),
(180, 'StyDOjYZTP', 'KAUoDhdIKE@gmail.com', '2021-03-21 01:58:19', '$2y$10$92IXUNpkjO0rOQ5byMi.Ye4oKoEa3Ro9llC/.og/at2.uheWG/igi', '2hQC4T02HJ', 2, '2021-03-21 01:58:19', '2021-03-21 01:58:19'),
(181, '0m9RzAJu8P', 'fr8Z8ilzbQ@gmail.com', '2021-03-21 01:58:19', '$2y$10$92IXUNpkjO0rOQ5byMi.Ye4oKoEa3Ro9llC/.og/at2.uheWG/igi', 'lGsqE7w2QN', 1, '2021-03-21 01:58:19', '2021-03-21 01:58:19'),
(182, 'wNO14HEtVr', 'oUl5lZ0uPb@gmail.com', '2021-03-21 01:58:19', '$2y$10$92IXUNpkjO0rOQ5byMi.Ye4oKoEa3Ro9llC/.og/at2.uheWG/igi', 'Keh4NDbbds', 1, '2021-03-21 01:58:19', '2021-03-21 01:58:19'),
(183, 'E0TBYiTVPj', 'd3EwNN9cva@gmail.com', '2021-03-21 01:58:19', '$2y$10$92IXUNpkjO0rOQ5byMi.Ye4oKoEa3Ro9llC/.og/at2.uheWG/igi', 'SxWDBsXzvV', 2, '2021-03-21 01:58:19', '2021-03-21 01:58:19'),
(184, '77DHqjaUYy', '6flsZNBybe@gmail.com', '2021-03-21 01:58:19', '$2y$10$92IXUNpkjO0rOQ5byMi.Ye4oKoEa3Ro9llC/.og/at2.uheWG/igi', 'Dx0zG6LezQ', 1, '2021-03-21 01:58:19', '2021-03-21 01:58:19'),
(185, '9Ho5vGwGiJ', 'ws4ORPGo9V@gmail.com', '2021-03-21 01:58:19', '$2y$10$92IXUNpkjO0rOQ5byMi.Ye4oKoEa3Ro9llC/.og/at2.uheWG/igi', '5TN6hZgG8u', 1, '2021-03-21 01:58:19', '2021-03-21 01:58:19'),
(186, 'wtlrDBZ5BX', 'hwPaWF6CVx@gmail.com', '2021-03-21 01:58:19', '$2y$10$92IXUNpkjO0rOQ5byMi.Ye4oKoEa3Ro9llC/.og/at2.uheWG/igi', 'sIHMF2a2hq', 1, '2021-03-21 01:58:19', '2021-03-21 01:58:19'),
(187, 'Rrj5cjhWJ2', 'FAczuJWzFL@gmail.com', '2021-03-21 01:58:19', '$2y$10$92IXUNpkjO0rOQ5byMi.Ye4oKoEa3Ro9llC/.og/at2.uheWG/igi', '2GExPOw0vC', 1, '2021-03-21 01:58:19', '2021-03-21 01:58:19'),
(188, 'GP038pk5df', 'HCMmnFhOYl@gmail.com', '2021-03-21 01:58:19', '$2y$10$92IXUNpkjO0rOQ5byMi.Ye4oKoEa3Ro9llC/.og/at2.uheWG/igi', 'irfB1OjoYj', 2, '2021-03-21 01:58:19', '2021-03-21 01:58:19'),
(189, 'ivKUqLWN9f', '0DGMnhtrJ2@gmail.com', '2021-03-21 01:58:19', '$2y$10$92IXUNpkjO0rOQ5byMi.Ye4oKoEa3Ro9llC/.og/at2.uheWG/igi', 'V0Ckq3xKLj', 2, '2021-03-21 01:58:19', '2021-03-21 01:58:19'),
(190, 'nkD0bSrC8f', 'UPcDNI4yo9@gmail.com', '2021-03-21 01:58:19', '$2y$10$92IXUNpkjO0rOQ5byMi.Ye4oKoEa3Ro9llC/.og/at2.uheWG/igi', 'okiF1J3nLj', 1, '2021-03-21 01:58:19', '2021-03-21 01:58:19'),
(191, '8LsCiUofIP', 'Aookgq7Mm3@gmail.com', '2021-03-21 01:58:19', '$2y$10$92IXUNpkjO0rOQ5byMi.Ye4oKoEa3Ro9llC/.og/at2.uheWG/igi', 'zfjIHWyF4X', 1, '2021-03-21 01:58:19', '2021-03-21 01:58:19'),
(192, 'LWsDWwQajG', 'ggGR2tYaVj@gmail.com', '2021-03-21 01:58:19', '$2y$10$92IXUNpkjO0rOQ5byMi.Ye4oKoEa3Ro9llC/.og/at2.uheWG/igi', 'rRtthdZROk', 2, '2021-03-21 01:58:19', '2021-03-21 01:58:19'),
(193, 'kfBKaMDgjF', 'gsBTfCNpUv@gmail.com', '2021-03-21 01:58:19', '$2y$10$92IXUNpkjO0rOQ5byMi.Ye4oKoEa3Ro9llC/.og/at2.uheWG/igi', 'uaZHf8T7vS', 1, '2021-03-21 01:58:19', '2021-03-21 01:58:19'),
(194, 'r8uLlMYBez', 'Vgo61boJrm@gmail.com', '2021-03-21 01:58:19', '$2y$10$92IXUNpkjO0rOQ5byMi.Ye4oKoEa3Ro9llC/.og/at2.uheWG/igi', 'w8OXLvnput', 2, '2021-03-21 01:58:19', '2021-03-21 01:58:19'),
(195, '0SwWWKlJ1U', 'rzmvzICyRv@gmail.com', '2021-03-21 01:58:19', '$2y$10$92IXUNpkjO0rOQ5byMi.Ye4oKoEa3Ro9llC/.og/at2.uheWG/igi', 'C4ywZNtxl0', 1, '2021-03-21 01:58:19', '2021-03-21 01:58:19'),
(196, 'EKlxj0gMub', 'kCmwhZOMXs@gmail.com', '2021-03-21 01:58:19', '$2y$10$92IXUNpkjO0rOQ5byMi.Ye4oKoEa3Ro9llC/.og/at2.uheWG/igi', 'p1f6ljqEgp', 1, '2021-03-21 01:58:19', '2021-03-21 01:58:19'),
(197, 'vgUYAsPun2', 'XtdebDoiCF@gmail.com', '2021-03-21 01:58:19', '$2y$10$92IXUNpkjO0rOQ5byMi.Ye4oKoEa3Ro9llC/.og/at2.uheWG/igi', 'dRx5nU8UJV', 1, '2021-03-21 01:58:19', '2021-03-21 01:58:19'),
(198, 'MLcRItRLXS', 'ZHJhCxTazB@gmail.com', '2021-03-21 01:58:19', '$2y$10$92IXUNpkjO0rOQ5byMi.Ye4oKoEa3Ro9llC/.og/at2.uheWG/igi', 'SBtS4wy1fC', 1, '2021-03-21 01:58:19', '2021-03-21 01:58:19'),
(199, 'VergPEodTF', 'qkHmve5M1C@gmail.com', '2021-03-21 01:58:19', '$2y$10$92IXUNpkjO0rOQ5byMi.Ye4oKoEa3Ro9llC/.og/at2.uheWG/igi', '4sBlwus0HN', 2, '2021-03-21 01:58:19', '2021-03-21 01:58:19'),
(200, 'HODhkQg4Ae', 'OROknyd09q@gmail.com', '2021-03-21 01:58:19', '$2y$10$92IXUNpkjO0rOQ5byMi.Ye4oKoEa3Ro9llC/.og/at2.uheWG/igi', 'BVlx77ahWa', 2, '2021-03-21 01:58:19', '2021-03-21 01:58:19'),
(201, 'Ek8dgg357Z', 'OZyekLA5jH@gmail.com', '2021-03-21 01:58:19', '$2y$10$92IXUNpkjO0rOQ5byMi.Ye4oKoEa3Ro9llC/.og/at2.uheWG/igi', 'a7S1UF7kMb', 1, '2021-03-21 01:58:19', '2021-03-21 01:58:19'),
(202, '84kI6ck3Gb', 'ii2GvR3IIr@gmail.com', '2021-03-21 01:58:19', '$2y$10$92IXUNpkjO0rOQ5byMi.Ye4oKoEa3Ro9llC/.og/at2.uheWG/igi', 'LNGoJZPcQS', 1, '2021-03-21 01:58:19', '2021-03-21 01:58:19'),
(203, 'Q3NPzaOXDj', 'P1KuoVaJZA@gmail.com', '2021-03-21 01:58:19', '$2y$10$92IXUNpkjO0rOQ5byMi.Ye4oKoEa3Ro9llC/.og/at2.uheWG/igi', '0O7U66AZY7', 2, '2021-03-21 01:58:19', '2021-03-21 01:58:19'),
(204, '2eLUNtgXFH', '4IryGaUGbK@gmail.com', '2021-03-21 01:58:19', '$2y$10$92IXUNpkjO0rOQ5byMi.Ye4oKoEa3Ro9llC/.og/at2.uheWG/igi', 'dnIhibCcj4', 2, '2021-03-21 01:58:19', '2021-03-21 01:58:19'),
(205, '4Up3B6R2t8', 'fhQ2CeoAqO@gmail.com', '2021-03-21 01:58:19', '$2y$10$92IXUNpkjO0rOQ5byMi.Ye4oKoEa3Ro9llC/.og/at2.uheWG/igi', 'nDTPoPwEVM', 2, '2021-03-21 01:58:19', '2021-03-21 01:58:19'),
(206, 'aIExzozryF', 'UVl0dQRYQr@gmail.com', '2021-03-21 01:58:19', '$2y$10$92IXUNpkjO0rOQ5byMi.Ye4oKoEa3Ro9llC/.og/at2.uheWG/igi', 'XyY118mQMj', 1, '2021-03-21 01:58:19', '2021-03-21 01:58:19'),
(207, 'X95bB7cQRF', 'PM0LzxTVeR@gmail.com', '2021-03-21 01:58:19', '$2y$10$92IXUNpkjO0rOQ5byMi.Ye4oKoEa3Ro9llC/.og/at2.uheWG/igi', 'yzozDcVjSc', 2, '2021-03-21 01:58:19', '2021-03-21 01:58:19'),
(208, 'RkA7tXMJPG', 'PTT0FQ3ymE@gmail.com', '2021-03-21 01:58:19', '$2y$10$92IXUNpkjO0rOQ5byMi.Ye4oKoEa3Ro9llC/.og/at2.uheWG/igi', 'SOMO66Y1kU', 1, '2021-03-21 01:58:19', '2021-03-21 01:58:19'),
(209, 'yfQPF4Gst9', 'oeKSeQ6r6c@gmail.com', '2021-03-21 01:58:19', '$2y$10$92IXUNpkjO0rOQ5byMi.Ye4oKoEa3Ro9llC/.og/at2.uheWG/igi', '4jSzEjWh51', 2, '2021-03-21 01:58:19', '2021-03-21 01:58:19'),
(210, 'UGJKIWdguY', 'ZTwLRE6WWB@gmail.com', '2021-03-21 01:58:19', '$2y$10$92IXUNpkjO0rOQ5byMi.Ye4oKoEa3Ro9llC/.og/at2.uheWG/igi', 'ad2hrcCgck', 2, '2021-03-21 01:58:19', '2021-03-21 01:58:19'),
(211, 'alCdpaqFoM', 'WtjzsMJeHW@gmail.com', '2021-03-21 01:58:19', '$2y$10$92IXUNpkjO0rOQ5byMi.Ye4oKoEa3Ro9llC/.og/at2.uheWG/igi', 'Io9TyhvJr5', 2, '2021-03-21 01:58:19', '2021-03-21 01:58:19'),
(212, 'zL86fKjopg', 'XZE97zucRg@gmail.com', '2021-03-21 01:58:19', '$2y$10$92IXUNpkjO0rOQ5byMi.Ye4oKoEa3Ro9llC/.og/at2.uheWG/igi', 'HMVfRvxoJD', 1, '2021-03-21 01:58:19', '2021-03-21 01:58:19'),
(213, '8aIEDo7PTs', 'cBQ3BkD6EH@gmail.com', '2021-03-21 01:58:19', '$2y$10$92IXUNpkjO0rOQ5byMi.Ye4oKoEa3Ro9llC/.og/at2.uheWG/igi', 'w8TLqKdPZW', 1, '2021-03-21 01:58:19', '2021-03-21 01:58:19'),
(214, 'TKAOJjdHVz', 'cEyvr2kKQD@gmail.com', '2021-03-21 01:58:19', '$2y$10$92IXUNpkjO0rOQ5byMi.Ye4oKoEa3Ro9llC/.og/at2.uheWG/igi', 'A4TLaDtMf9', 1, '2021-03-21 01:58:19', '2021-03-21 01:58:19'),
(215, 'neIFkqEMoY', 'kOb9YWD1BA@gmail.com', '2021-03-21 01:58:19', '$2y$10$92IXUNpkjO0rOQ5byMi.Ye4oKoEa3Ro9llC/.og/at2.uheWG/igi', 'RYbxlY8lU0', 1, '2021-03-21 01:58:19', '2021-03-21 01:58:19'),
(216, 'dyyqVMGolu', 'jGnn3j9ANQ@gmail.com', '2021-03-21 01:58:19', '$2y$10$92IXUNpkjO0rOQ5byMi.Ye4oKoEa3Ro9llC/.og/at2.uheWG/igi', 'B4Q5qvVLtq', 2, '2021-03-21 01:58:19', '2021-03-21 01:58:19'),
(217, 'gAT0Y2gCWg', 'yRq1rmwrY8@gmail.com', '2021-03-21 01:58:19', '$2y$10$92IXUNpkjO0rOQ5byMi.Ye4oKoEa3Ro9llC/.og/at2.uheWG/igi', 'Q8F1xIvKB1', 1, '2021-03-21 01:58:19', '2021-03-21 01:58:19'),
(218, '7QNyYpGEvK', 'cp50SmP3hH@gmail.com', '2021-03-21 01:58:19', '$2y$10$92IXUNpkjO0rOQ5byMi.Ye4oKoEa3Ro9llC/.og/at2.uheWG/igi', 'CY2VOvs4tB', 1, '2021-03-21 01:58:19', '2021-03-21 01:58:19'),
(219, 'V1tM972xmV', 'xszWnuQcUn@gmail.com', '2021-03-21 01:58:19', '$2y$10$92IXUNpkjO0rOQ5byMi.Ye4oKoEa3Ro9llC/.og/at2.uheWG/igi', 'AlBRzWbWNt', 1, '2021-03-21 01:58:19', '2021-03-21 01:58:19'),
(220, 'O3ZQeU9G6q', 'CnB26t5w5z@gmail.com', '2021-03-21 01:58:19', '$2y$10$92IXUNpkjO0rOQ5byMi.Ye4oKoEa3Ro9llC/.og/at2.uheWG/igi', 'DjbMvYrGNO', 1, '2021-03-21 01:58:19', '2021-03-21 01:58:19'),
(221, 'kqKPuvUeQ0', 'BfrgG1emTJ@gmail.com', '2021-03-21 01:58:19', '$2y$10$92IXUNpkjO0rOQ5byMi.Ye4oKoEa3Ro9llC/.og/at2.uheWG/igi', 'enF0jWpqYI', 2, '2021-03-21 01:58:19', '2021-03-21 01:58:19'),
(222, '35ZSeJT0I3', 'f6FPzyB6D6@gmail.com', '2021-03-21 01:58:19', '$2y$10$92IXUNpkjO0rOQ5byMi.Ye4oKoEa3Ro9llC/.og/at2.uheWG/igi', 'iKrR9Ule1q', 1, '2021-03-21 01:58:19', '2021-03-21 01:58:19'),
(223, 'Zm1YW2rmyG', 'KAnuUHuwLc@gmail.com', '2021-03-21 01:58:19', '$2y$10$92IXUNpkjO0rOQ5byMi.Ye4oKoEa3Ro9llC/.og/at2.uheWG/igi', 'aFfKwys5L1', 2, '2021-03-21 01:58:19', '2021-03-21 01:58:19'),
(224, 'qRV5PvZI4q', 'OvOe3z7333@gmail.com', '2021-03-21 01:58:19', '$2y$10$92IXUNpkjO0rOQ5byMi.Ye4oKoEa3Ro9llC/.og/at2.uheWG/igi', '41cGHfSKPG', 1, '2021-03-21 01:58:19', '2021-03-21 01:58:19'),
(225, 'JxTnPnawco', 'NhtZlNxclP@gmail.com', '2021-03-21 01:58:19', '$2y$10$92IXUNpkjO0rOQ5byMi.Ye4oKoEa3Ro9llC/.og/at2.uheWG/igi', '9xSeNe2f8t', 2, '2021-03-21 01:58:19', '2021-03-21 01:58:19'),
(226, 'rJV898YPwe', 'uwlAT92BY6@gmail.com', '2021-03-21 01:58:19', '$2y$10$92IXUNpkjO0rOQ5byMi.Ye4oKoEa3Ro9llC/.og/at2.uheWG/igi', 'ZrRDUimQ2r', 2, '2021-03-21 01:58:19', '2021-03-21 01:58:19'),
(227, 'avERWALpOg', '6935t7WilO@gmail.com', '2021-03-21 01:58:19', '$2y$10$92IXUNpkjO0rOQ5byMi.Ye4oKoEa3Ro9llC/.og/at2.uheWG/igi', 'vlytTb0oqA', 2, '2021-03-21 01:58:19', '2021-03-21 01:58:19'),
(228, 'REktGk6MPb', '5whNd8QdQg@gmail.com', '2021-03-21 01:58:19', '$2y$10$92IXUNpkjO0rOQ5byMi.Ye4oKoEa3Ro9llC/.og/at2.uheWG/igi', 'sqK4bOr0tK', 2, '2021-03-21 01:58:19', '2021-03-21 01:58:19'),
(229, 'DKNsGMwUXr', 'K6qtMZFUjp@gmail.com', '2021-03-21 01:58:19', '$2y$10$92IXUNpkjO0rOQ5byMi.Ye4oKoEa3Ro9llC/.og/at2.uheWG/igi', 'bZhI48yiCZ', 1, '2021-03-21 01:58:19', '2021-03-21 01:58:19'),
(230, '1mMkKPghtE', 'JRUAw2EUx2@gmail.com', '2021-03-21 01:58:19', '$2y$10$92IXUNpkjO0rOQ5byMi.Ye4oKoEa3Ro9llC/.og/at2.uheWG/igi', 'yMC8zAaOjY', 1, '2021-03-21 01:58:19', '2021-03-21 01:58:19'),
(231, 'iZKm7dGddN', 'QpqGCbmmRy@gmail.com', '2021-03-21 01:58:19', '$2y$10$92IXUNpkjO0rOQ5byMi.Ye4oKoEa3Ro9llC/.og/at2.uheWG/igi', 'FeJKO3AWaP', 2, '2021-03-21 01:58:19', '2021-03-21 01:58:19'),
(232, 'OauQj574nr', 'C4BpD7ytaf@gmail.com', '2021-03-21 01:58:19', '$2y$10$92IXUNpkjO0rOQ5byMi.Ye4oKoEa3Ro9llC/.og/at2.uheWG/igi', 'Iuooh3OuZ4', 1, '2021-03-21 01:58:19', '2021-03-21 01:58:19'),
(233, 'Prmu2xbKpB', 'aC1CaPa8JT@gmail.com', '2021-03-21 01:58:19', '$2y$10$92IXUNpkjO0rOQ5byMi.Ye4oKoEa3Ro9llC/.og/at2.uheWG/igi', 'gJYSuV2gdQ', 1, '2021-03-21 01:58:19', '2021-03-21 01:58:19'),
(234, 'r1fBoWgEdP', 'KhsQxcFJZL@gmail.com', '2021-03-21 01:58:19', '$2y$10$92IXUNpkjO0rOQ5byMi.Ye4oKoEa3Ro9llC/.og/at2.uheWG/igi', 'ZsSgCUrIkC', 1, '2021-03-21 01:58:19', '2021-03-21 01:58:19'),
(235, 'ylziVbrmCN', 'cq3UCyVswa@gmail.com', '2021-03-21 01:58:19', '$2y$10$92IXUNpkjO0rOQ5byMi.Ye4oKoEa3Ro9llC/.og/at2.uheWG/igi', 'jPPQK6X20n', 1, '2021-03-21 01:58:19', '2021-03-21 01:58:19'),
(236, 'AqQ0INhz1K', 'AXORHP7Lbq@gmail.com', '2021-03-21 01:58:19', '$2y$10$92IXUNpkjO0rOQ5byMi.Ye4oKoEa3Ro9llC/.og/at2.uheWG/igi', 'g7XQsYIgro', 2, '2021-03-21 01:58:19', '2021-03-21 01:58:19'),
(237, 'MtrlubQQ9d', 'PEAzUlny3S@gmail.com', '2021-03-21 01:58:19', '$2y$10$92IXUNpkjO0rOQ5byMi.Ye4oKoEa3Ro9llC/.og/at2.uheWG/igi', 'mI0UzVNLEU', 1, '2021-03-21 01:58:19', '2021-03-21 01:58:19'),
(238, 'bLn7h5Dqpl', '8tcu6zzv2Z@gmail.com', '2021-03-21 01:58:19', '$2y$10$92IXUNpkjO0rOQ5byMi.Ye4oKoEa3Ro9llC/.og/at2.uheWG/igi', 'fUNtrZkze5', 1, '2021-03-21 01:58:19', '2021-03-21 01:58:19'),
(239, '49ZKtieR8l', 'n43v4CGTHX@gmail.com', '2021-03-21 01:58:19', '$2y$10$92IXUNpkjO0rOQ5byMi.Ye4oKoEa3Ro9llC/.og/at2.uheWG/igi', 'Cb8me5f76O', 2, '2021-03-21 01:58:19', '2021-03-21 01:58:19'),
(240, 'tDbF7i2E5L', 'GDUDC0OXa1@gmail.com', '2021-03-21 01:58:19', '$2y$10$92IXUNpkjO0rOQ5byMi.Ye4oKoEa3Ro9llC/.og/at2.uheWG/igi', 'bJEEaQk9sA', 1, '2021-03-21 01:58:19', '2021-03-21 01:58:19'),
(241, 'iV5ePfvBYk', 'q2EfCQ27qx@gmail.com', '2021-03-21 01:58:19', '$2y$10$92IXUNpkjO0rOQ5byMi.Ye4oKoEa3Ro9llC/.og/at2.uheWG/igi', 'd54vgLDakO', 2, '2021-03-21 01:58:19', '2021-03-21 01:58:19'),
(242, 'o7E71MzU6F', 'SsHgI8TbsE@gmail.com', '2021-03-21 01:58:19', '$2y$10$92IXUNpkjO0rOQ5byMi.Ye4oKoEa3Ro9llC/.og/at2.uheWG/igi', '6QkkuCkJJ1', 2, '2021-03-21 01:58:19', '2021-03-21 01:58:19'),
(243, 'nn2vX10kwI', '6TUhb0v4QL@gmail.com', '2021-03-21 01:58:19', '$2y$10$92IXUNpkjO0rOQ5byMi.Ye4oKoEa3Ro9llC/.og/at2.uheWG/igi', 'OfI8IXdIkH', 2, '2021-03-21 01:58:19', '2021-03-21 01:58:19'),
(244, 'DRQ2DfQCc6', 'FXM7yELkmy@gmail.com', '2021-03-21 01:58:19', '$2y$10$92IXUNpkjO0rOQ5byMi.Ye4oKoEa3Ro9llC/.og/at2.uheWG/igi', 'yZ4ux2W5gN', 2, '2021-03-21 01:58:19', '2021-03-21 01:58:19'),
(245, 'Wfqe25iTFB', 'qOaqLq5CcL@gmail.com', '2021-03-21 01:58:19', '$2y$10$92IXUNpkjO0rOQ5byMi.Ye4oKoEa3Ro9llC/.og/at2.uheWG/igi', '6WDwhGhxcv', 2, '2021-03-21 01:58:19', '2021-03-21 01:58:19'),
(246, '7fnb4SbyfD', '7oOSEcQr4Q@gmail.com', '2021-03-21 01:58:19', '$2y$10$92IXUNpkjO0rOQ5byMi.Ye4oKoEa3Ro9llC/.og/at2.uheWG/igi', 'KtVnOzybCC', 1, '2021-03-21 01:58:19', '2021-03-21 01:58:19'),
(247, '7WcCL7PH2g', 'kTnQCsRnLD@gmail.com', '2021-03-21 01:58:19', '$2y$10$92IXUNpkjO0rOQ5byMi.Ye4oKoEa3Ro9llC/.og/at2.uheWG/igi', 'HX2r3IWfcs', 2, '2021-03-21 01:58:19', '2021-03-21 01:58:19'),
(248, 'Vkfzq01ACH', 'tt3nkWWMWJ@gmail.com', '2021-03-21 01:58:19', '$2y$10$92IXUNpkjO0rOQ5byMi.Ye4oKoEa3Ro9llC/.og/at2.uheWG/igi', 'r4glo9HaFa', 2, '2021-03-21 01:58:19', '2021-03-21 01:58:19'),
(249, '05Uw1WduCd', '0cbXElcwCv@gmail.com', '2021-03-21 01:58:19', '$2y$10$92IXUNpkjO0rOQ5byMi.Ye4oKoEa3Ro9llC/.og/at2.uheWG/igi', 'nezKNgVsKO', 1, '2021-03-21 01:58:19', '2021-03-21 01:58:19'),
(250, 'BhPlulZ9GJ', 'gl7FodnDaL@gmail.com', '2021-03-21 01:58:19', '$2y$10$92IXUNpkjO0rOQ5byMi.Ye4oKoEa3Ro9llC/.og/at2.uheWG/igi', 'PMiWL1ZOfA', 2, '2021-03-21 01:58:19', '2021-03-21 01:58:19'),
(251, 'ONvBvXONPG', 'AnDuwpUXlo@gmail.com', '2021-03-21 01:58:19', '$2y$10$92IXUNpkjO0rOQ5byMi.Ye4oKoEa3Ro9llC/.og/at2.uheWG/igi', 'Lwxm9i7DfM', 2, '2021-03-21 01:58:19', '2021-03-21 01:58:19'),
(252, 'JLdJWR81La', '93bKWWgoc1@gmail.com', '2021-03-21 01:58:19', '$2y$10$92IXUNpkjO0rOQ5byMi.Ye4oKoEa3Ro9llC/.og/at2.uheWG/igi', 'qQe1JTagj3', 2, '2021-03-21 01:58:19', '2021-03-21 01:58:19'),
(253, 'CETJXn3urc', 'UPxBEGXMLN@gmail.com', '2021-03-21 01:58:19', '$2y$10$92IXUNpkjO0rOQ5byMi.Ye4oKoEa3Ro9llC/.og/at2.uheWG/igi', 'W9EGiW2iip', 1, '2021-03-21 01:58:19', '2021-03-21 01:58:19'),
(254, 'jdgjroV85Z', 'npyBfiicXh@gmail.com', '2021-03-21 01:58:19', '$2y$10$92IXUNpkjO0rOQ5byMi.Ye4oKoEa3Ro9llC/.og/at2.uheWG/igi', 'GpYHF4vYZq', 1, '2021-03-21 01:58:19', '2021-03-21 01:58:19'),
(255, 'GGvBF8F2u4', 'U4m258DURj@gmail.com', '2021-03-21 01:58:19', '$2y$10$92IXUNpkjO0rOQ5byMi.Ye4oKoEa3Ro9llC/.og/at2.uheWG/igi', 'wjtgVkGV4a', 1, '2021-03-21 01:58:19', '2021-03-21 01:58:19'),
(256, 'W6nUhtx1Of', 'XgitGRtzAV@gmail.com', '2021-03-21 01:58:19', '$2y$10$92IXUNpkjO0rOQ5byMi.Ye4oKoEa3Ro9llC/.og/at2.uheWG/igi', 'gk7V96352G', 2, '2021-03-21 01:58:19', '2021-03-21 01:58:19'),
(257, 'pHA2AMgUP0', 'Dtduefva42@gmail.com', '2021-03-21 01:58:19', '$2y$10$92IXUNpkjO0rOQ5byMi.Ye4oKoEa3Ro9llC/.og/at2.uheWG/igi', 'MNxMF0IBxs', 2, '2021-03-21 01:58:19', '2021-03-21 01:58:19'),
(258, 'DKBkTtaSMW', 'OQlXmiXQLF@gmail.com', '2021-03-21 01:58:19', '$2y$10$92IXUNpkjO0rOQ5byMi.Ye4oKoEa3Ro9llC/.og/at2.uheWG/igi', 'hyHfHYOO2s', 2, '2021-03-21 01:58:19', '2021-03-21 01:58:19');
INSERT INTO `users` (`id`, `name`, `email`, `email_verified_at`, `password`, `remember_token`, `selected_id`, `created_at`, `updated_at`) VALUES
(259, 'vBXVp2NYqq', 'H2bAKKX2ti@gmail.com', '2021-03-21 01:58:19', '$2y$10$92IXUNpkjO0rOQ5byMi.Ye4oKoEa3Ro9llC/.og/at2.uheWG/igi', 'Bb9MfES9MQ', 2, '2021-03-21 01:58:19', '2021-03-21 01:58:19'),
(260, 'RGWBDm77Ap', 'DYKG5hOBNW@gmail.com', '2021-03-21 01:58:19', '$2y$10$92IXUNpkjO0rOQ5byMi.Ye4oKoEa3Ro9llC/.og/at2.uheWG/igi', 'a7imSHQLMX', 2, '2021-03-21 01:58:19', '2021-03-21 01:58:19'),
(261, 'bbWllCCFrv', 'QecpyvND65@gmail.com', '2021-03-21 01:58:19', '$2y$10$92IXUNpkjO0rOQ5byMi.Ye4oKoEa3Ro9llC/.og/at2.uheWG/igi', 'fY6fbGAQIm', 1, '2021-03-21 01:58:19', '2021-03-21 01:58:19'),
(262, 'u39v0k9mYA', 'o0reKHnj1Y@gmail.com', '2021-03-21 01:58:19', '$2y$10$92IXUNpkjO0rOQ5byMi.Ye4oKoEa3Ro9llC/.og/at2.uheWG/igi', 'fDjn3w2aLL', 2, '2021-03-21 01:58:19', '2021-03-21 01:58:19'),
(263, '5YCzxyEeuq', 'DO3ywpzE4b@gmail.com', '2021-03-21 01:58:19', '$2y$10$92IXUNpkjO0rOQ5byMi.Ye4oKoEa3Ro9llC/.og/at2.uheWG/igi', 'S0kAAkadch', 2, '2021-03-21 01:58:19', '2021-03-21 01:58:19'),
(264, 'sAHsnKxh4M', 'GKVPjH6mQL@gmail.com', '2021-03-21 01:58:19', '$2y$10$92IXUNpkjO0rOQ5byMi.Ye4oKoEa3Ro9llC/.og/at2.uheWG/igi', '4ruzx2ehOJ', 2, '2021-03-21 01:58:19', '2021-03-21 01:58:19'),
(265, 'I3TLcv1hZC', 'JerH1k9997@gmail.com', '2021-03-21 01:58:19', '$2y$10$92IXUNpkjO0rOQ5byMi.Ye4oKoEa3Ro9llC/.og/at2.uheWG/igi', 'VXB7df1JqV', 1, '2021-03-21 01:58:19', '2021-03-21 01:58:19'),
(266, 'GY4J9SwKgl', 'E7TC6EwVA5@gmail.com', '2021-03-21 01:58:19', '$2y$10$92IXUNpkjO0rOQ5byMi.Ye4oKoEa3Ro9llC/.og/at2.uheWG/igi', 'PwAXQjPmaR', 1, '2021-03-21 01:58:19', '2021-03-21 01:58:19'),
(267, 'kqxg475nYy', 'zVnBdKRpMi@gmail.com', '2021-03-21 01:58:19', '$2y$10$92IXUNpkjO0rOQ5byMi.Ye4oKoEa3Ro9llC/.og/at2.uheWG/igi', 'FVAdjACl5Q', 2, '2021-03-21 01:58:19', '2021-03-21 01:58:19'),
(268, 'a1WvYHGnTX', 'z22p0RWohj@gmail.com', '2021-03-21 01:58:19', '$2y$10$92IXUNpkjO0rOQ5byMi.Ye4oKoEa3Ro9llC/.og/at2.uheWG/igi', 'bJgVlVACrI', 1, '2021-03-21 01:58:19', '2021-03-21 01:58:19'),
(269, 'VObCtYDR8r', 'OYzHrkJoMh@gmail.com', '2021-03-21 01:58:19', '$2y$10$92IXUNpkjO0rOQ5byMi.Ye4oKoEa3Ro9llC/.og/at2.uheWG/igi', 'rr9Dp0vRtM', 1, '2021-03-21 01:58:19', '2021-03-21 01:58:19'),
(270, 'hCmxhfT4iZ', 'd93mQdMwyq@gmail.com', '2021-03-21 01:58:19', '$2y$10$92IXUNpkjO0rOQ5byMi.Ye4oKoEa3Ro9llC/.og/at2.uheWG/igi', 'x1VCoe91Mf', 1, '2021-03-21 01:58:19', '2021-03-21 01:58:19'),
(271, 'Hh4WGdoEsG', 'OtUfO71R7C@gmail.com', '2021-03-21 01:58:19', '$2y$10$92IXUNpkjO0rOQ5byMi.Ye4oKoEa3Ro9llC/.og/at2.uheWG/igi', 'wFuG67HCoc', 1, '2021-03-21 01:58:19', '2021-03-21 01:58:19'),
(272, 'EK7VHpxK2P', 'hPK5YBCgjW@gmail.com', '2021-03-21 01:58:19', '$2y$10$92IXUNpkjO0rOQ5byMi.Ye4oKoEa3Ro9llC/.og/at2.uheWG/igi', 'Ad8HgQpAqM', 2, '2021-03-21 01:58:19', '2021-03-21 01:58:19'),
(273, 'HPdUUNrg8R', 'VnLJK1pagT@gmail.com', '2021-03-21 01:58:19', '$2y$10$92IXUNpkjO0rOQ5byMi.Ye4oKoEa3Ro9llC/.og/at2.uheWG/igi', '3P92NLbdaj', 2, '2021-03-21 01:58:19', '2021-03-21 01:58:19'),
(274, 'wnVgjOraxC', 'wefouTDrWb@gmail.com', '2021-03-21 01:58:19', '$2y$10$92IXUNpkjO0rOQ5byMi.Ye4oKoEa3Ro9llC/.og/at2.uheWG/igi', 'YtUwBbwGGi', 2, '2021-03-21 01:58:19', '2021-03-21 01:58:19'),
(275, 'RROei0JzfT', 'a5WjE197H4@gmail.com', '2021-03-21 01:58:19', '$2y$10$92IXUNpkjO0rOQ5byMi.Ye4oKoEa3Ro9llC/.og/at2.uheWG/igi', 'H1hU9B1s3M', 2, '2021-03-21 01:58:19', '2021-03-21 01:58:19'),
(276, 'MTazvZKxhS', 'wLcm838IVb@gmail.com', '2021-03-21 01:58:19', '$2y$10$92IXUNpkjO0rOQ5byMi.Ye4oKoEa3Ro9llC/.og/at2.uheWG/igi', 'vevXZ9Lbv6', 2, '2021-03-21 01:58:19', '2021-03-21 01:58:19'),
(277, 'RZO6o9EJ9j', 'bRdPhLjpYw@gmail.com', '2021-03-21 01:58:19', '$2y$10$92IXUNpkjO0rOQ5byMi.Ye4oKoEa3Ro9llC/.og/at2.uheWG/igi', 'ik0WbUyCP5', 2, '2021-03-21 01:58:19', '2021-03-21 01:58:19'),
(278, 'CCMKO2M6fX', '735yEWo2h7@gmail.com', '2021-03-21 01:58:19', '$2y$10$92IXUNpkjO0rOQ5byMi.Ye4oKoEa3Ro9llC/.og/at2.uheWG/igi', 'v31duIRePC', 2, '2021-03-21 01:58:19', '2021-03-21 01:58:19'),
(279, 'RhbLGBlhK6', 'ukTO0tyGU3@gmail.com', '2021-03-21 01:58:19', '$2y$10$92IXUNpkjO0rOQ5byMi.Ye4oKoEa3Ro9llC/.og/at2.uheWG/igi', 'VxZLmFg7vK', 1, '2021-03-21 01:58:19', '2021-03-21 01:58:19'),
(280, 'OIADIwGviC', 'TrCA1pVIT4@gmail.com', '2021-03-21 01:58:19', '$2y$10$92IXUNpkjO0rOQ5byMi.Ye4oKoEa3Ro9llC/.og/at2.uheWG/igi', 'b3EBkKMHDs', 2, '2021-03-21 01:58:19', '2021-03-21 01:58:19'),
(281, 'EUVN9J5GPb', 'L4wBNffNNi@gmail.com', '2021-03-21 01:58:19', '$2y$10$92IXUNpkjO0rOQ5byMi.Ye4oKoEa3Ro9llC/.og/at2.uheWG/igi', '7roOxYTMlL', 2, '2021-03-21 01:58:19', '2021-03-21 01:58:19'),
(282, 'Vp8X8LfwSn', '8hCkVbHVJh@gmail.com', '2021-03-21 01:58:19', '$2y$10$92IXUNpkjO0rOQ5byMi.Ye4oKoEa3Ro9llC/.og/at2.uheWG/igi', 'a5Ys8nsvDu', 1, '2021-03-21 01:58:19', '2021-03-21 01:58:19'),
(283, 'hlJZazkeDV', 'W34A4Sdh2k@gmail.com', '2021-03-21 01:58:19', '$2y$10$92IXUNpkjO0rOQ5byMi.Ye4oKoEa3Ro9llC/.og/at2.uheWG/igi', 'PckU0T9j3p', 1, '2021-03-21 01:58:19', '2021-03-21 01:58:19'),
(284, 'rgaOhyNpnU', 'JUtt7N06jD@gmail.com', '2021-03-21 01:58:19', '$2y$10$92IXUNpkjO0rOQ5byMi.Ye4oKoEa3Ro9llC/.og/at2.uheWG/igi', 'tW1s7HUXJS', 2, '2021-03-21 01:58:19', '2021-03-21 01:58:19'),
(285, 'QlAeOJMx8z', 'WrTGRmBwP1@gmail.com', '2021-03-21 01:58:19', '$2y$10$92IXUNpkjO0rOQ5byMi.Ye4oKoEa3Ro9llC/.og/at2.uheWG/igi', 'mzn1oiynf6', 1, '2021-03-21 01:58:19', '2021-03-21 01:58:19'),
(286, 'PVlfRHy1EY', 'CbYzL3e6Xl@gmail.com', '2021-03-21 01:58:19', '$2y$10$92IXUNpkjO0rOQ5byMi.Ye4oKoEa3Ro9llC/.og/at2.uheWG/igi', 'jDEokDmH3R', 1, '2021-03-21 01:58:19', '2021-03-21 01:58:19'),
(287, 'mG3GLTfBGe', 'Jw9CdiVUNC@gmail.com', '2021-03-21 01:58:19', '$2y$10$92IXUNpkjO0rOQ5byMi.Ye4oKoEa3Ro9llC/.og/at2.uheWG/igi', 'QYIdgxCAyh', 2, '2021-03-21 01:58:19', '2021-03-21 01:58:19'),
(288, 'IwcKhsdjvS', 'adtMMBuHpZ@gmail.com', '2021-03-21 01:58:19', '$2y$10$92IXUNpkjO0rOQ5byMi.Ye4oKoEa3Ro9llC/.og/at2.uheWG/igi', 'gt1UY7svio', 1, '2021-03-21 01:58:19', '2021-03-21 01:58:19'),
(289, '2ZtvQlgh5z', 'trbvyfBTcH@gmail.com', '2021-03-21 01:58:19', '$2y$10$92IXUNpkjO0rOQ5byMi.Ye4oKoEa3Ro9llC/.og/at2.uheWG/igi', '3A2RRJD9dI', 2, '2021-03-21 01:58:19', '2021-03-21 01:58:19'),
(290, 'FVaPxdMBvX', 'HC4cMZs09x@gmail.com', '2021-03-21 01:58:19', '$2y$10$92IXUNpkjO0rOQ5byMi.Ye4oKoEa3Ro9llC/.og/at2.uheWG/igi', 'MfmHPTrj5e', 1, '2021-03-21 01:58:19', '2021-03-21 01:58:19'),
(291, 'x9qZkZEsDx', 'kkf1P9ms8q@gmail.com', '2021-03-21 01:58:19', '$2y$10$92IXUNpkjO0rOQ5byMi.Ye4oKoEa3Ro9llC/.og/at2.uheWG/igi', 'kKhZySj3Eh', 1, '2021-03-21 01:58:19', '2021-03-21 01:58:19'),
(292, 'SiojBCJBvD', '02KHCAHaRz@gmail.com', '2021-03-21 01:58:19', '$2y$10$92IXUNpkjO0rOQ5byMi.Ye4oKoEa3Ro9llC/.og/at2.uheWG/igi', 'qRb4vj2baj', 2, '2021-03-21 01:58:19', '2021-03-21 01:58:19'),
(293, 'oCdPwedhIn', 'obd1RuMTRb@gmail.com', '2021-03-21 01:58:19', '$2y$10$92IXUNpkjO0rOQ5byMi.Ye4oKoEa3Ro9llC/.og/at2.uheWG/igi', 'yvqVMsBQpe', 2, '2021-03-21 01:58:19', '2021-03-21 01:58:19'),
(294, 'rfOmEt0gF7', '5nLBAuxEHb@gmail.com', '2021-03-21 01:58:19', '$2y$10$92IXUNpkjO0rOQ5byMi.Ye4oKoEa3Ro9llC/.og/at2.uheWG/igi', 'jHfxJFOnP8', 1, '2021-03-21 01:58:19', '2021-03-21 01:58:19'),
(295, 'gp8ad8CAUc', 'Vu0sNHsrrR@gmail.com', '2021-03-21 01:58:19', '$2y$10$92IXUNpkjO0rOQ5byMi.Ye4oKoEa3Ro9llC/.og/at2.uheWG/igi', 'WxA8Sfsp6O', 1, '2021-03-21 01:58:19', '2021-03-21 01:58:19'),
(296, 'UqZsdcq3QJ', 'QglpRnXXMG@gmail.com', '2021-03-21 01:58:19', '$2y$10$92IXUNpkjO0rOQ5byMi.Ye4oKoEa3Ro9llC/.og/at2.uheWG/igi', 'ROQHMaQImT', 2, '2021-03-21 01:58:19', '2021-03-21 01:58:19'),
(297, '6I6eg7x6Mz', '2RhVCBwVUH@gmail.com', '2021-03-21 01:58:19', '$2y$10$92IXUNpkjO0rOQ5byMi.Ye4oKoEa3Ro9llC/.og/at2.uheWG/igi', 'jUDRFdC1ux', 2, '2021-03-21 01:58:19', '2021-03-21 01:58:19'),
(298, 'ZjsPzXeK2N', 'FaCOvh6RAe@gmail.com', '2021-03-21 01:58:19', '$2y$10$92IXUNpkjO0rOQ5byMi.Ye4oKoEa3Ro9llC/.og/at2.uheWG/igi', 'tybMWmATu3', 2, '2021-03-21 01:58:19', '2021-03-21 01:58:19'),
(299, 'Cz82znCz9w', 'mE1FHHiiqH@gmail.com', '2021-03-21 01:58:19', '$2y$10$92IXUNpkjO0rOQ5byMi.Ye4oKoEa3Ro9llC/.og/at2.uheWG/igi', 'XkoU2mAzYT', 1, '2021-03-21 01:58:19', '2021-03-21 01:58:19'),
(300, 'MW8bZ40ca8', 'qwhymloCWa@gmail.com', '2021-03-21 01:58:19', '$2y$10$92IXUNpkjO0rOQ5byMi.Ye4oKoEa3Ro9llC/.og/at2.uheWG/igi', 'JAtqTCO0OS', 1, '2021-03-21 01:58:19', '2021-03-21 01:58:19'),
(301, 'hHc8eJDFwV', 'KYkk9VXILB@gmail.com', '2021-03-21 01:58:19', '$2y$10$92IXUNpkjO0rOQ5byMi.Ye4oKoEa3Ro9llC/.og/at2.uheWG/igi', 'XfI6MxjjK2', 2, '2021-03-21 01:58:19', '2021-03-21 01:58:19'),
(302, 'uIikeqH4GU', 'fT7qp7qpXi@gmail.com', '2021-03-21 01:58:19', '$2y$10$92IXUNpkjO0rOQ5byMi.Ye4oKoEa3Ro9llC/.og/at2.uheWG/igi', 'yCDoeVOrT4', 1, '2021-03-21 01:58:19', '2021-03-21 01:58:19'),
(303, 'gBXTPtkGOL', 'kKFwhsjzpV@gmail.com', '2021-03-21 01:58:19', '$2y$10$92IXUNpkjO0rOQ5byMi.Ye4oKoEa3Ro9llC/.og/at2.uheWG/igi', '2mAx4KrlQO', 1, '2021-03-21 01:58:19', '2021-03-21 01:58:19'),
(304, 'QKo5JJFRe3', 'eTwgPb70HM@gmail.com', '2021-03-21 01:58:19', '$2y$10$92IXUNpkjO0rOQ5byMi.Ye4oKoEa3Ro9llC/.og/at2.uheWG/igi', 'qF5H1e1Ywr', 2, '2021-03-21 01:58:19', '2021-03-21 01:58:19'),
(305, '2lcnu6Vz09', 'naq8XgFhBx@gmail.com', '2021-03-21 01:58:19', '$2y$10$92IXUNpkjO0rOQ5byMi.Ye4oKoEa3Ro9llC/.og/at2.uheWG/igi', 'V4aYEYByWN', 2, '2021-03-21 01:58:19', '2021-03-21 01:58:19'),
(306, 'tDjPxYEcPP', 'Ls7FtzSBYv@gmail.com', '2021-03-21 01:58:19', '$2y$10$92IXUNpkjO0rOQ5byMi.Ye4oKoEa3Ro9llC/.og/at2.uheWG/igi', 'JN2HVRkxAR', 2, '2021-03-21 01:58:19', '2021-03-21 01:58:19'),
(307, 'FjT11qJGme', 'bMbKd0HHfj@gmail.com', '2021-03-21 01:58:19', '$2y$10$92IXUNpkjO0rOQ5byMi.Ye4oKoEa3Ro9llC/.og/at2.uheWG/igi', '4lVuMTNpYU', 2, '2021-03-21 01:58:19', '2021-03-21 01:58:19'),
(308, 'oFqOmraosb', 'edmfY6Pw8X@gmail.com', '2021-03-21 01:58:19', '$2y$10$92IXUNpkjO0rOQ5byMi.Ye4oKoEa3Ro9llC/.og/at2.uheWG/igi', 'GdU6tqIQKU', 1, '2021-03-21 01:58:19', '2021-03-21 01:58:19'),
(309, 'rglTANBHvs', 'VtSM4f786a@gmail.com', '2021-03-21 01:58:19', '$2y$10$92IXUNpkjO0rOQ5byMi.Ye4oKoEa3Ro9llC/.og/at2.uheWG/igi', 'pjO6PddSIP', 1, '2021-03-21 01:58:19', '2021-03-21 01:58:19'),
(310, 'Hjq3ojVZCt', 'iwu5jFiEqa@gmail.com', '2021-03-21 01:58:19', '$2y$10$92IXUNpkjO0rOQ5byMi.Ye4oKoEa3Ro9llC/.og/at2.uheWG/igi', 'HfZybi9Ekw', 1, '2021-03-21 01:58:19', '2021-03-21 01:58:19'),
(311, 'DIzCuM0yIz', 'F4BV3Lg9eS@gmail.com', '2021-03-21 01:58:19', '$2y$10$92IXUNpkjO0rOQ5byMi.Ye4oKoEa3Ro9llC/.og/at2.uheWG/igi', 'Ih9fZ60SHT', 1, '2021-03-21 01:58:19', '2021-03-21 01:58:19'),
(312, 'qi2Tz5hJ2R', 'bOGzTYZIag@gmail.com', '2021-03-21 01:58:19', '$2y$10$92IXUNpkjO0rOQ5byMi.Ye4oKoEa3Ro9llC/.og/at2.uheWG/igi', '2QEYXMLKIt', 2, '2021-03-21 01:58:19', '2021-03-21 01:58:19'),
(313, 'Mu47l9fnRH', 'Zr0PvAqC7c@gmail.com', '2021-03-21 01:58:19', '$2y$10$92IXUNpkjO0rOQ5byMi.Ye4oKoEa3Ro9llC/.og/at2.uheWG/igi', 'u8Wk7VWwdM', 1, '2021-03-21 01:58:19', '2021-03-21 01:58:19'),
(314, 'GvNleNS1AG', 's6fzxgJwZt@gmail.com', '2021-03-21 01:58:19', '$2y$10$92IXUNpkjO0rOQ5byMi.Ye4oKoEa3Ro9llC/.og/at2.uheWG/igi', 'rkDQTUJfvC', 2, '2021-03-21 01:58:19', '2021-03-21 01:58:19'),
(315, 'ccEYTxU6oY', 'plgmVq5rcD@gmail.com', '2021-03-21 01:58:19', '$2y$10$92IXUNpkjO0rOQ5byMi.Ye4oKoEa3Ro9llC/.og/at2.uheWG/igi', 'oWPzQdjj8a', 2, '2021-03-21 01:58:19', '2021-03-21 01:58:19'),
(316, '1Vbymqdq1d', 'DG0xQ2ggqr@gmail.com', '2021-03-21 01:58:19', '$2y$10$92IXUNpkjO0rOQ5byMi.Ye4oKoEa3Ro9llC/.og/at2.uheWG/igi', 'nbO8O2hmYr', 1, '2021-03-21 01:58:19', '2021-03-21 01:58:19'),
(317, 'Or7IkEyzst', 'RKulit5HbV@gmail.com', '2021-03-21 01:58:19', '$2y$10$92IXUNpkjO0rOQ5byMi.Ye4oKoEa3Ro9llC/.og/at2.uheWG/igi', 'tLs0uJoTet', 2, '2021-03-21 01:58:19', '2021-03-21 01:58:19'),
(318, 'jeRQ34TwB0', 'KwkVVO6VLs@gmail.com', '2021-03-21 01:58:19', '$2y$10$92IXUNpkjO0rOQ5byMi.Ye4oKoEa3Ro9llC/.og/at2.uheWG/igi', 'Oc3N34Yr5l', 1, '2021-03-21 01:58:19', '2021-03-21 01:58:19'),
(319, '9RSa0D5jI0', 'eBZzS4pkqQ@gmail.com', '2021-03-21 01:58:19', '$2y$10$92IXUNpkjO0rOQ5byMi.Ye4oKoEa3Ro9llC/.og/at2.uheWG/igi', '67u1PW0edU', 2, '2021-03-21 01:58:19', '2021-03-21 01:58:19'),
(320, 'GMcS090qD0', 'PXf0tT49rj@gmail.com', '2021-03-21 01:58:19', '$2y$10$92IXUNpkjO0rOQ5byMi.Ye4oKoEa3Ro9llC/.og/at2.uheWG/igi', 'UhryFiFbXS', 2, '2021-03-21 01:58:19', '2021-03-21 01:58:19'),
(321, 'wP8gFAJFYl', 'ChZ2qgxeow@gmail.com', '2021-03-21 01:58:19', '$2y$10$92IXUNpkjO0rOQ5byMi.Ye4oKoEa3Ro9llC/.og/at2.uheWG/igi', 'uOfuZISShV', 1, '2021-03-21 01:58:19', '2021-03-21 01:58:19'),
(322, 'cwHX17RL0e', 'hDXD3VIa7t@gmail.com', '2021-03-21 01:58:19', '$2y$10$92IXUNpkjO0rOQ5byMi.Ye4oKoEa3Ro9llC/.og/at2.uheWG/igi', 'bvt4rVWvu4', 1, '2021-03-21 01:58:19', '2021-03-21 01:58:19'),
(323, '74wwakhk9O', 'GPw8gBB0nv@gmail.com', '2021-03-21 01:58:19', '$2y$10$92IXUNpkjO0rOQ5byMi.Ye4oKoEa3Ro9llC/.og/at2.uheWG/igi', '6YFaj5UrXD', 1, '2021-03-21 01:58:19', '2021-03-21 01:58:19'),
(324, 'Xab83X3H7M', '4hG73g2nzg@gmail.com', '2021-03-21 01:58:19', '$2y$10$92IXUNpkjO0rOQ5byMi.Ye4oKoEa3Ro9llC/.og/at2.uheWG/igi', '0OoipRAKKk', 2, '2021-03-21 01:58:19', '2021-03-21 01:58:19'),
(325, 'l57ZdsNSOm', 'k3aT1yK3dT@gmail.com', '2021-03-21 01:58:19', '$2y$10$92IXUNpkjO0rOQ5byMi.Ye4oKoEa3Ro9llC/.og/at2.uheWG/igi', '8TgKg2jsPc', 2, '2021-03-21 01:58:19', '2021-03-21 01:58:19'),
(326, 'iGX9lsk62U', 'ZtxgD7sFo3@gmail.com', '2021-03-21 01:58:19', '$2y$10$92IXUNpkjO0rOQ5byMi.Ye4oKoEa3Ro9llC/.og/at2.uheWG/igi', 'DwNrjC7RGa', 1, '2021-03-21 01:58:19', '2021-03-21 01:58:19'),
(327, 'OUaAzOuZKC', 'uBGlSqnLwT@gmail.com', '2021-03-21 01:58:19', '$2y$10$92IXUNpkjO0rOQ5byMi.Ye4oKoEa3Ro9llC/.og/at2.uheWG/igi', 'JCGZfGhNu0', 1, '2021-03-21 01:58:19', '2021-03-21 01:58:19'),
(328, 'p3crHBZcwy', '7IaIVpTXLt@gmail.com', '2021-03-21 01:58:19', '$2y$10$92IXUNpkjO0rOQ5byMi.Ye4oKoEa3Ro9llC/.og/at2.uheWG/igi', 'O4WkrBtXIh', 2, '2021-03-21 01:58:19', '2021-03-21 01:58:19'),
(329, 'p9Ze3yJDWf', 'kWCHFCoErF@gmail.com', '2021-03-21 01:58:19', '$2y$10$92IXUNpkjO0rOQ5byMi.Ye4oKoEa3Ro9llC/.og/at2.uheWG/igi', 'yJl8Hzw2pz', 2, '2021-03-21 01:58:19', '2021-03-21 01:58:19'),
(330, 'gFKZRdu6k0', '9ZjSUCA3yj@gmail.com', '2021-03-21 01:58:19', '$2y$10$92IXUNpkjO0rOQ5byMi.Ye4oKoEa3Ro9llC/.og/at2.uheWG/igi', 'RSBiF3Mejt', 2, '2021-03-21 01:58:19', '2021-03-21 01:58:19'),
(331, '5u3jv1SxbP', 'Vyh9JB7XUP@gmail.com', '2021-03-21 01:58:19', '$2y$10$92IXUNpkjO0rOQ5byMi.Ye4oKoEa3Ro9llC/.og/at2.uheWG/igi', 'l2gzqnR93d', 1, '2021-03-21 01:58:19', '2021-03-21 01:58:19'),
(332, 'mbNuhppRF2', 'nxjuRGSfPT@gmail.com', '2021-03-21 01:58:19', '$2y$10$92IXUNpkjO0rOQ5byMi.Ye4oKoEa3Ro9llC/.og/at2.uheWG/igi', 'jyeBtDZIFc', 2, '2021-03-21 01:58:19', '2021-03-21 01:58:19'),
(333, 's5qe3mEeKt', 'n207bql3EX@gmail.com', '2021-03-21 01:58:19', '$2y$10$92IXUNpkjO0rOQ5byMi.Ye4oKoEa3Ro9llC/.og/at2.uheWG/igi', 'MfohD43474', 2, '2021-03-21 01:58:19', '2021-03-21 01:58:19'),
(334, 't2VzB7F9Sw', 'KYl7mZYKfs@gmail.com', '2021-03-21 01:58:19', '$2y$10$92IXUNpkjO0rOQ5byMi.Ye4oKoEa3Ro9llC/.og/at2.uheWG/igi', 'N69xdRMyeB', 2, '2021-03-21 01:58:19', '2021-03-21 01:58:19'),
(335, '5bbzs1dlMF', 'DdRV8eRiJr@gmail.com', '2021-03-21 01:58:19', '$2y$10$92IXUNpkjO0rOQ5byMi.Ye4oKoEa3Ro9llC/.og/at2.uheWG/igi', '6pvnUikk0E', 1, '2021-03-21 01:58:19', '2021-03-21 01:58:19'),
(336, 'Syb7CCZibg', '0ZhjGwgs1B@gmail.com', '2021-03-21 01:58:19', '$2y$10$92IXUNpkjO0rOQ5byMi.Ye4oKoEa3Ro9llC/.og/at2.uheWG/igi', 'gY6OTZn8UH', 2, '2021-03-21 01:58:19', '2021-03-21 01:58:19'),
(337, 'WCAtKOSNJC', 'HuSXJ7hPF0@gmail.com', '2021-03-21 01:58:19', '$2y$10$92IXUNpkjO0rOQ5byMi.Ye4oKoEa3Ro9llC/.og/at2.uheWG/igi', 'Y2YyYQ7VWz', 2, '2021-03-21 01:58:19', '2021-03-21 01:58:19'),
(338, 'DYkZNxFOxA', 'ifnkzRHaii@gmail.com', '2021-03-21 01:58:19', '$2y$10$92IXUNpkjO0rOQ5byMi.Ye4oKoEa3Ro9llC/.og/at2.uheWG/igi', 'eLdrI7wZVu', 1, '2021-03-21 01:58:19', '2021-03-21 01:58:19'),
(339, 'QMqMOqQnow', 'M2UGGqAyXu@gmail.com', '2021-03-21 01:58:19', '$2y$10$92IXUNpkjO0rOQ5byMi.Ye4oKoEa3Ro9llC/.og/at2.uheWG/igi', 'KR9Zt0PIFi', 1, '2021-03-21 01:58:19', '2021-03-21 01:58:19'),
(340, 'bopVyyQ5Ip', 'MCsyKfHXP4@gmail.com', '2021-03-21 01:58:19', '$2y$10$92IXUNpkjO0rOQ5byMi.Ye4oKoEa3Ro9llC/.og/at2.uheWG/igi', 'OgWQ7OJWIc', 2, '2021-03-21 01:58:19', '2021-03-21 01:58:19'),
(341, 'rtmCcMfo1h', 'r6meLJYQaQ@gmail.com', '2021-03-21 01:58:19', '$2y$10$92IXUNpkjO0rOQ5byMi.Ye4oKoEa3Ro9llC/.og/at2.uheWG/igi', '9tW2WsfjZ6', 1, '2021-03-21 01:58:19', '2021-03-21 01:58:19'),
(342, 'wgYBaXegia', 'zwlKuhX7v5@gmail.com', '2021-03-21 01:58:19', '$2y$10$92IXUNpkjO0rOQ5byMi.Ye4oKoEa3Ro9llC/.og/at2.uheWG/igi', 'wyWEz8vwZF', 1, '2021-03-21 01:58:19', '2021-03-21 01:58:19'),
(343, 'GE2Wgx9TBB', 'BghQPHKecF@gmail.com', '2021-03-21 01:58:19', '$2y$10$92IXUNpkjO0rOQ5byMi.Ye4oKoEa3Ro9llC/.og/at2.uheWG/igi', 'DGLbuigbRj', 1, '2021-03-21 01:58:19', '2021-03-21 01:58:19'),
(344, 'CRtPlXO4fO', 'lE8S8H6yVq@gmail.com', '2021-03-21 01:58:19', '$2y$10$92IXUNpkjO0rOQ5byMi.Ye4oKoEa3Ro9llC/.og/at2.uheWG/igi', '0O7STX8kt6', 2, '2021-03-21 01:58:19', '2021-03-21 01:58:19'),
(345, 'pqe1pBg0zq', 'WOLGDo644Q@gmail.com', '2021-03-21 01:58:19', '$2y$10$92IXUNpkjO0rOQ5byMi.Ye4oKoEa3Ro9llC/.og/at2.uheWG/igi', 'FFNd0GlMJG', 2, '2021-03-21 01:58:19', '2021-03-21 01:58:19'),
(346, 'gVGZUeCHWF', 'dxgPaOGE2B@gmail.com', '2021-03-21 01:58:19', '$2y$10$92IXUNpkjO0rOQ5byMi.Ye4oKoEa3Ro9llC/.og/at2.uheWG/igi', 'QapC9ytRA4', 1, '2021-03-21 01:58:19', '2021-03-21 01:58:19'),
(347, 'Ss5rCxE0Qo', 'pzLnS2mGvO@gmail.com', '2021-03-21 01:58:19', '$2y$10$92IXUNpkjO0rOQ5byMi.Ye4oKoEa3Ro9llC/.og/at2.uheWG/igi', 'kekspTAm1J', 1, '2021-03-21 01:58:19', '2021-03-21 01:58:19'),
(348, 'RjfxFFLHDJ', 'DKfCwnmBPB@gmail.com', '2021-03-21 01:58:19', '$2y$10$92IXUNpkjO0rOQ5byMi.Ye4oKoEa3Ro9llC/.og/at2.uheWG/igi', 'etOVBTHLLx', 1, '2021-03-21 01:58:19', '2021-03-21 01:58:19'),
(349, '5TLsLZ27mm', 'HPDEiY8rIG@gmail.com', '2021-03-21 01:58:19', '$2y$10$92IXUNpkjO0rOQ5byMi.Ye4oKoEa3Ro9llC/.og/at2.uheWG/igi', 'Sv7XKuQ3WF', 1, '2021-03-21 01:58:19', '2021-03-21 01:58:19'),
(350, 'Ka4zcbQ39W', 'AMXjLrlw9Q@gmail.com', '2021-03-21 01:58:19', '$2y$10$92IXUNpkjO0rOQ5byMi.Ye4oKoEa3Ro9llC/.og/at2.uheWG/igi', '940qOExGuu', 1, '2021-03-21 01:58:19', '2021-03-21 01:58:19'),
(351, 'LtGADMW7QF', 'QbgqENRHAa@gmail.com', '2021-03-21 01:58:19', '$2y$10$92IXUNpkjO0rOQ5byMi.Ye4oKoEa3Ro9llC/.og/at2.uheWG/igi', 'bVUkcKL5w7', 2, '2021-03-21 01:58:19', '2021-03-21 01:58:19'),
(352, 'J0h8JeZvpY', 'Y6evSZbGBy@gmail.com', '2021-03-21 01:58:19', '$2y$10$92IXUNpkjO0rOQ5byMi.Ye4oKoEa3Ro9llC/.og/at2.uheWG/igi', 'D5d44Pz5Ci', 2, '2021-03-21 01:58:19', '2021-03-21 01:58:19'),
(353, 'W57c4Y5jOC', 'oiYkl6Tz65@gmail.com', '2021-03-21 01:58:19', '$2y$10$92IXUNpkjO0rOQ5byMi.Ye4oKoEa3Ro9llC/.og/at2.uheWG/igi', '7w0gc7Jz2O', 1, '2021-03-21 01:58:19', '2021-03-21 01:58:19'),
(354, 'ZYnQXIgYWQ', 'I1icW7DWac@gmail.com', '2021-03-21 01:58:19', '$2y$10$92IXUNpkjO0rOQ5byMi.Ye4oKoEa3Ro9llC/.og/at2.uheWG/igi', 'oZqGGAUSyE', 1, '2021-03-21 01:58:19', '2021-03-21 01:58:19'),
(355, '5APq0jjSlD', 'OQTt54p9Mq@gmail.com', '2021-03-21 01:58:19', '$2y$10$92IXUNpkjO0rOQ5byMi.Ye4oKoEa3Ro9llC/.og/at2.uheWG/igi', 'htOPyqB1s3', 1, '2021-03-21 01:58:19', '2021-03-21 01:58:19'),
(356, '3mf8xgCRwg', 'HN2KLV1kPF@gmail.com', '2021-03-21 01:58:19', '$2y$10$92IXUNpkjO0rOQ5byMi.Ye4oKoEa3Ro9llC/.og/at2.uheWG/igi', 'AYUmUMdQr5', 2, '2021-03-21 01:58:19', '2021-03-21 01:58:19'),
(357, 'KAc9xPuMYf', '6ySJQgIOKV@gmail.com', '2021-03-21 01:58:19', '$2y$10$92IXUNpkjO0rOQ5byMi.Ye4oKoEa3Ro9llC/.og/at2.uheWG/igi', '5xFafWrfeA', 1, '2021-03-21 01:58:19', '2021-03-21 01:58:19'),
(358, 'sMPMNHqd5A', 'xDIUmfKHNu@gmail.com', '2021-03-21 01:58:19', '$2y$10$92IXUNpkjO0rOQ5byMi.Ye4oKoEa3Ro9llC/.og/at2.uheWG/igi', '4XZlFY3rfo', 1, '2021-03-21 01:58:19', '2021-03-21 01:58:19'),
(359, 'P6PggGwVkA', 'wr6sYprCWX@gmail.com', '2021-03-21 01:58:19', '$2y$10$92IXUNpkjO0rOQ5byMi.Ye4oKoEa3Ro9llC/.og/at2.uheWG/igi', 'g7ngNi5xHx', 2, '2021-03-21 01:58:19', '2021-03-21 01:58:19'),
(360, 'nhIfLa12GY', 'c55927cRcU@gmail.com', '2021-03-21 01:58:19', '$2y$10$92IXUNpkjO0rOQ5byMi.Ye4oKoEa3Ro9llC/.og/at2.uheWG/igi', 'XU3lBQDf8o', 2, '2021-03-21 01:58:19', '2021-03-21 01:58:19'),
(361, 'ZZb9l7hxlT', 'oe1YSyzvtQ@gmail.com', '2021-03-21 01:58:19', '$2y$10$92IXUNpkjO0rOQ5byMi.Ye4oKoEa3Ro9llC/.og/at2.uheWG/igi', 'FoEK3FivIO', 2, '2021-03-21 01:58:19', '2021-03-21 01:58:19'),
(362, 'imOqebNmF5', 'wkQ5ZXmGfp@gmail.com', '2021-03-21 01:58:19', '$2y$10$92IXUNpkjO0rOQ5byMi.Ye4oKoEa3Ro9llC/.og/at2.uheWG/igi', 'CuEYwsEBkU', 2, '2021-03-21 01:58:19', '2021-03-21 01:58:19'),
(363, 'y8kciui1If', 'uLlsR1221e@gmail.com', '2021-03-21 01:58:19', '$2y$10$92IXUNpkjO0rOQ5byMi.Ye4oKoEa3Ro9llC/.og/at2.uheWG/igi', 'hY67Hku7JQ', 2, '2021-03-21 01:58:19', '2021-03-21 01:58:19'),
(364, 'yoBRdKmsP3', 'F3BHAQgzvW@gmail.com', '2021-03-21 01:58:19', '$2y$10$92IXUNpkjO0rOQ5byMi.Ye4oKoEa3Ro9llC/.og/at2.uheWG/igi', '6mGzZP173s', 2, '2021-03-21 01:58:19', '2021-03-21 01:58:19'),
(365, 'Y1BSgiR2nj', 'NQnLo32zwK@gmail.com', '2021-03-21 01:58:19', '$2y$10$92IXUNpkjO0rOQ5byMi.Ye4oKoEa3Ro9llC/.og/at2.uheWG/igi', 'eM0qSoMyWl', 1, '2021-03-21 01:58:19', '2021-03-21 01:58:19'),
(366, 'j1Lythfuaz', '7fXPc1HHb4@gmail.com', '2021-03-21 01:58:19', '$2y$10$92IXUNpkjO0rOQ5byMi.Ye4oKoEa3Ro9llC/.og/at2.uheWG/igi', 'nrcC84CyRW', 2, '2021-03-21 01:58:19', '2021-03-21 01:58:19'),
(367, 'Yb9iwrzHRq', 'vXSxqHFBYE@gmail.com', '2021-03-21 01:58:19', '$2y$10$92IXUNpkjO0rOQ5byMi.Ye4oKoEa3Ro9llC/.og/at2.uheWG/igi', '8VfqHuuYxM', 2, '2021-03-21 01:58:19', '2021-03-21 01:58:19'),
(368, 'F00SMIfKyc', '5fYGyie8Hd@gmail.com', '2021-03-21 01:58:19', '$2y$10$92IXUNpkjO0rOQ5byMi.Ye4oKoEa3Ro9llC/.og/at2.uheWG/igi', '9L90TPxxVM', 1, '2021-03-21 01:58:19', '2021-03-21 01:58:19'),
(369, 'hMqFE9Vq8Y', 'vkFqD4z5Wd@gmail.com', '2021-03-21 01:58:19', '$2y$10$92IXUNpkjO0rOQ5byMi.Ye4oKoEa3Ro9llC/.og/at2.uheWG/igi', '8YLPzHcSiU', 2, '2021-03-21 01:58:19', '2021-03-21 01:58:19'),
(370, 'Ee5lQEtjOX', '28ZKvUVrag@gmail.com', '2021-03-21 01:58:19', '$2y$10$92IXUNpkjO0rOQ5byMi.Ye4oKoEa3Ro9llC/.og/at2.uheWG/igi', 'G5BswTgp6w', 1, '2021-03-21 01:58:19', '2021-03-21 01:58:19'),
(371, 'MHXcXyN8PG', 'ibWIUGdFvm@gmail.com', '2021-03-21 01:58:19', '$2y$10$92IXUNpkjO0rOQ5byMi.Ye4oKoEa3Ro9llC/.og/at2.uheWG/igi', 'DLoMolE2Z5', 1, '2021-03-21 01:58:19', '2021-03-21 01:58:19'),
(372, 'lVRWhfusNq', '7mwJp0ivye@gmail.com', '2021-03-21 01:58:19', '$2y$10$92IXUNpkjO0rOQ5byMi.Ye4oKoEa3Ro9llC/.og/at2.uheWG/igi', 'jddH5Xd84o', 2, '2021-03-21 01:58:19', '2021-03-21 01:58:19'),
(373, 'hJLWY0u2lM', 'QTq0VAMJSD@gmail.com', '2021-03-21 01:58:19', '$2y$10$92IXUNpkjO0rOQ5byMi.Ye4oKoEa3Ro9llC/.og/at2.uheWG/igi', 'pjhJXK8ubF', 2, '2021-03-21 01:58:19', '2021-03-21 01:58:19'),
(374, 'Qrl1J8ZOYL', '7AWtHGC0T7@gmail.com', '2021-03-21 01:58:19', '$2y$10$92IXUNpkjO0rOQ5byMi.Ye4oKoEa3Ro9llC/.og/at2.uheWG/igi', 'slXZbcEvGk', 1, '2021-03-21 01:58:19', '2021-03-21 01:58:19'),
(375, 'Ul4HghzNdD', 'KY4CzpcXZV@gmail.com', '2021-03-21 01:58:19', '$2y$10$92IXUNpkjO0rOQ5byMi.Ye4oKoEa3Ro9llC/.og/at2.uheWG/igi', '2JcUeja77h', 1, '2021-03-21 01:58:19', '2021-03-21 01:58:19'),
(376, 'AErDz9vdZi', 'KRbdnrEfBe@gmail.com', '2021-03-21 01:58:19', '$2y$10$92IXUNpkjO0rOQ5byMi.Ye4oKoEa3Ro9llC/.og/at2.uheWG/igi', '3ETDWujFWE', 1, '2021-03-21 01:58:19', '2021-03-21 01:58:19'),
(377, 'Wu1tLjhncI', 'ObiuWHFFfH@gmail.com', '2021-03-21 01:58:19', '$2y$10$92IXUNpkjO0rOQ5byMi.Ye4oKoEa3Ro9llC/.og/at2.uheWG/igi', 'X0pjCuktHI', 1, '2021-03-21 01:58:19', '2021-03-21 01:58:19'),
(378, 'kmYezCGJA9', '4NUgVv5YVB@gmail.com', '2021-03-21 01:58:19', '$2y$10$92IXUNpkjO0rOQ5byMi.Ye4oKoEa3Ro9llC/.og/at2.uheWG/igi', 'uCIJO8cJ36', 2, '2021-03-21 01:58:19', '2021-03-21 01:58:19'),
(379, 'x1OmUPHvLC', 'Vemiru22oV@gmail.com', '2021-03-21 01:58:19', '$2y$10$92IXUNpkjO0rOQ5byMi.Ye4oKoEa3Ro9llC/.og/at2.uheWG/igi', 'ZEo67aHVyn', 2, '2021-03-21 01:58:19', '2021-03-21 01:58:19'),
(380, 'opcEnjcW0H', 'nRorDebNAi@gmail.com', '2021-03-21 01:58:19', '$2y$10$92IXUNpkjO0rOQ5byMi.Ye4oKoEa3Ro9llC/.og/at2.uheWG/igi', '09wyctyBYW', 2, '2021-03-21 01:58:19', '2021-03-21 01:58:19'),
(381, '6r4cIH59t7', 'lNmh4j47nw@gmail.com', '2021-03-21 01:58:19', '$2y$10$92IXUNpkjO0rOQ5byMi.Ye4oKoEa3Ro9llC/.og/at2.uheWG/igi', 'na6Llq3Fkv', 2, '2021-03-21 01:58:19', '2021-03-21 01:58:19'),
(382, 'yF9X2Z78VB', 'baVk42OG3m@gmail.com', '2021-03-21 01:58:19', '$2y$10$92IXUNpkjO0rOQ5byMi.Ye4oKoEa3Ro9llC/.og/at2.uheWG/igi', '20B8dhKjc5', 2, '2021-03-21 01:58:19', '2021-03-21 01:58:19'),
(383, 'dH897LLPok', '1jZNV7uVsZ@gmail.com', '2021-03-21 01:58:19', '$2y$10$92IXUNpkjO0rOQ5byMi.Ye4oKoEa3Ro9llC/.og/at2.uheWG/igi', 'nS2EWrYrcA', 2, '2021-03-21 01:58:19', '2021-03-21 01:58:19'),
(384, '0a1wLGfLBf', 'FBVgNU4qha@gmail.com', '2021-03-21 01:58:19', '$2y$10$92IXUNpkjO0rOQ5byMi.Ye4oKoEa3Ro9llC/.og/at2.uheWG/igi', '1cBwUPPIN8', 2, '2021-03-21 01:58:19', '2021-03-21 01:58:19'),
(385, 'AlSLC2uyhb', 'PYgv4G2Sb1@gmail.com', '2021-03-21 01:58:19', '$2y$10$92IXUNpkjO0rOQ5byMi.Ye4oKoEa3Ro9llC/.og/at2.uheWG/igi', 'HIYMV2RBJ4', 1, '2021-03-21 01:58:19', '2021-03-21 01:58:19'),
(386, 'JT5IIiRZsM', 'RZWePBYMpF@gmail.com', '2021-03-21 01:58:19', '$2y$10$92IXUNpkjO0rOQ5byMi.Ye4oKoEa3Ro9llC/.og/at2.uheWG/igi', 'amWX7Xfxep', 2, '2021-03-21 01:58:19', '2021-03-21 01:58:19'),
(387, 'k7ytCtj0FR', 'YN5lfKcp2m@gmail.com', '2021-03-21 01:58:19', '$2y$10$92IXUNpkjO0rOQ5byMi.Ye4oKoEa3Ro9llC/.og/at2.uheWG/igi', '8B08kFlUY3', 1, '2021-03-21 01:58:19', '2021-03-21 01:58:19'),
(388, 'ail4os8MbG', 'HlNBL0LVqg@gmail.com', '2021-03-21 01:58:19', '$2y$10$92IXUNpkjO0rOQ5byMi.Ye4oKoEa3Ro9llC/.og/at2.uheWG/igi', 'iuZKlKD9lk', 1, '2021-03-21 01:58:19', '2021-03-21 01:58:19'),
(389, 'slhKi2Vr3X', 'sniS8lhkWS@gmail.com', '2021-03-21 01:58:19', '$2y$10$92IXUNpkjO0rOQ5byMi.Ye4oKoEa3Ro9llC/.og/at2.uheWG/igi', 'woxGc8SpjV', 1, '2021-03-21 01:58:19', '2021-03-21 01:58:19'),
(390, 'dxmuOru7yW', 'tcS6Upe5S0@gmail.com', '2021-03-21 01:58:19', '$2y$10$92IXUNpkjO0rOQ5byMi.Ye4oKoEa3Ro9llC/.og/at2.uheWG/igi', 'tkapHGthO9', 1, '2021-03-21 01:58:19', '2021-03-21 01:58:19'),
(391, 'YiJzRjSrAO', '5kmZeMHLxc@gmail.com', '2021-03-21 01:58:19', '$2y$10$92IXUNpkjO0rOQ5byMi.Ye4oKoEa3Ro9llC/.og/at2.uheWG/igi', 'Nk1AkPoUyP', 1, '2021-03-21 01:58:19', '2021-03-21 01:58:19'),
(392, 'aQku9Nm002', 'qhu7R1OV19@gmail.com', '2021-03-21 01:58:19', '$2y$10$92IXUNpkjO0rOQ5byMi.Ye4oKoEa3Ro9llC/.og/at2.uheWG/igi', 'PRHrTUWn0m', 1, '2021-03-21 01:58:19', '2021-03-21 01:58:19'),
(393, '6Ddf8bttQY', 'sXFgd5grD4@gmail.com', '2021-03-21 01:58:19', '$2y$10$92IXUNpkjO0rOQ5byMi.Ye4oKoEa3Ro9llC/.og/at2.uheWG/igi', 'IKLrG2uS8I', 2, '2021-03-21 01:58:19', '2021-03-21 01:58:19'),
(394, 'n3v28pefDL', 'dm54eCCBTe@gmail.com', '2021-03-21 01:58:20', '$2y$10$92IXUNpkjO0rOQ5byMi.Ye4oKoEa3Ro9llC/.og/at2.uheWG/igi', '7Gr7ErsXER', 1, '2021-03-21 01:58:20', '2021-03-21 01:58:20'),
(395, '6xfDJPrKmV', 'TOBwDdyo2T@gmail.com', '2021-03-21 01:58:20', '$2y$10$92IXUNpkjO0rOQ5byMi.Ye4oKoEa3Ro9llC/.og/at2.uheWG/igi', 'IW1oWbEjNq', 1, '2021-03-21 01:58:20', '2021-03-21 01:58:20'),
(396, 'f5LncLT2Bz', 'DoUFUjsGqD@gmail.com', '2021-03-21 01:58:20', '$2y$10$92IXUNpkjO0rOQ5byMi.Ye4oKoEa3Ro9llC/.og/at2.uheWG/igi', 'j0gmB0QWLI', 1, '2021-03-21 01:58:20', '2021-03-21 01:58:20'),
(397, 'iNIXgNL6zM', 'NHfLZAYKRm@gmail.com', '2021-03-21 01:58:20', '$2y$10$92IXUNpkjO0rOQ5byMi.Ye4oKoEa3Ro9llC/.og/at2.uheWG/igi', 'dpPGkxdrdy', 2, '2021-03-21 01:58:20', '2021-03-21 01:58:20'),
(398, 'EopShuHstg', 'bwgjI3tWj8@gmail.com', '2021-03-21 01:58:20', '$2y$10$92IXUNpkjO0rOQ5byMi.Ye4oKoEa3Ro9llC/.og/at2.uheWG/igi', 'dE4l6jNbbm', 2, '2021-03-21 01:58:20', '2021-03-21 01:58:20'),
(399, '91CQMiHYAa', '4E8HfHavB3@gmail.com', '2021-03-21 01:58:20', '$2y$10$92IXUNpkjO0rOQ5byMi.Ye4oKoEa3Ro9llC/.og/at2.uheWG/igi', '5PxCbrMMRS', 1, '2021-03-21 01:58:20', '2021-03-21 01:58:20'),
(400, '7vcyp07SyQ', '0FO05qBUZ3@gmail.com', '2021-03-21 01:58:20', '$2y$10$92IXUNpkjO0rOQ5byMi.Ye4oKoEa3Ro9llC/.og/at2.uheWG/igi', 'KeRmJe1k3k', 1, '2021-03-21 01:58:20', '2021-03-21 01:58:20'),
(401, 'WXREYvBw02', 'Dim65poZUK@gmail.com', '2021-03-21 01:58:20', '$2y$10$92IXUNpkjO0rOQ5byMi.Ye4oKoEa3Ro9llC/.og/at2.uheWG/igi', 'xg86CIhhTT', 1, '2021-03-21 01:58:20', '2021-03-21 01:58:20'),
(402, '62SAgrc8dk', 'ayHRuPZXWK@gmail.com', '2021-03-21 01:58:20', '$2y$10$92IXUNpkjO0rOQ5byMi.Ye4oKoEa3Ro9llC/.og/at2.uheWG/igi', 'ASOcn49mKy', 1, '2021-03-21 01:58:20', '2021-03-21 01:58:20'),
(403, 'h1ftv0ZG9d', 'CuUtPHA7qN@gmail.com', '2021-03-21 01:58:20', '$2y$10$92IXUNpkjO0rOQ5byMi.Ye4oKoEa3Ro9llC/.og/at2.uheWG/igi', '6safooMqc5', 2, '2021-03-21 01:58:20', '2021-03-21 01:58:20'),
(404, 'H91DzvqSkq', 'QSzNSXnRve@gmail.com', '2021-03-21 01:58:20', '$2y$10$92IXUNpkjO0rOQ5byMi.Ye4oKoEa3Ro9llC/.og/at2.uheWG/igi', 'UTgEBHL5UZ', 2, '2021-03-21 01:58:20', '2021-03-21 01:58:20'),
(405, 'uxAACoDw9T', 'OMVicvm955@gmail.com', '2021-03-21 01:58:20', '$2y$10$92IXUNpkjO0rOQ5byMi.Ye4oKoEa3Ro9llC/.og/at2.uheWG/igi', 'JJcOXN5RJ4', 2, '2021-03-21 01:58:20', '2021-03-21 01:58:20'),
(406, 'Ceb0IDrlLX', 'jfNPHcBWCv@gmail.com', '2021-03-21 01:58:20', '$2y$10$92IXUNpkjO0rOQ5byMi.Ye4oKoEa3Ro9llC/.og/at2.uheWG/igi', '0Nk33dHyGs', 1, '2021-03-21 01:58:20', '2021-03-21 01:58:20'),
(407, '13CwQqj774', 'nnGruo1Q0e@gmail.com', '2021-03-21 01:58:20', '$2y$10$92IXUNpkjO0rOQ5byMi.Ye4oKoEa3Ro9llC/.og/at2.uheWG/igi', 'K9HxQfS6wW', 2, '2021-03-21 01:58:20', '2021-03-21 01:58:20'),
(408, 'gK9xybUfor', 'PPKHL1j6Il@gmail.com', '2021-03-21 01:58:20', '$2y$10$92IXUNpkjO0rOQ5byMi.Ye4oKoEa3Ro9llC/.og/at2.uheWG/igi', 'n1T0PkJo0B', 2, '2021-03-21 01:58:20', '2021-03-21 01:58:20'),
(409, '9iZO0rCkCS', '5el0JEHw1w@gmail.com', '2021-03-21 01:58:20', '$2y$10$92IXUNpkjO0rOQ5byMi.Ye4oKoEa3Ro9llC/.og/at2.uheWG/igi', 'JlxGGp6dnp', 2, '2021-03-21 01:58:20', '2021-03-21 01:58:20'),
(410, '0QeetVamZ4', 'saos1NvHp8@gmail.com', '2021-03-21 01:58:20', '$2y$10$92IXUNpkjO0rOQ5byMi.Ye4oKoEa3Ro9llC/.og/at2.uheWG/igi', 'c3P3ohT10O', 2, '2021-03-21 01:58:20', '2021-03-21 01:58:20'),
(411, 'U37UnE536k', 'zwUcc2sEYG@gmail.com', '2021-03-21 01:58:20', '$2y$10$92IXUNpkjO0rOQ5byMi.Ye4oKoEa3Ro9llC/.og/at2.uheWG/igi', 'oCwHVpdCnO', 1, '2021-03-21 01:58:20', '2021-03-21 01:58:20'),
(412, 'gGUp8pT3h7', '5cYZnBywsd@gmail.com', '2021-03-21 01:58:20', '$2y$10$92IXUNpkjO0rOQ5byMi.Ye4oKoEa3Ro9llC/.og/at2.uheWG/igi', 'n16WXCiGhr', 2, '2021-03-21 01:58:20', '2021-03-21 01:58:20'),
(413, 'MBAmZxrAgh', 'sZmdjx1okq@gmail.com', '2021-03-21 01:58:20', '$2y$10$92IXUNpkjO0rOQ5byMi.Ye4oKoEa3Ro9llC/.og/at2.uheWG/igi', '52dHL7p8Cs', 1, '2021-03-21 01:58:20', '2021-03-21 01:58:20'),
(414, 'M4USdcOLTH', '2ut8azEuGG@gmail.com', '2021-03-21 01:58:20', '$2y$10$92IXUNpkjO0rOQ5byMi.Ye4oKoEa3Ro9llC/.og/at2.uheWG/igi', 'j6LQMpEzrk', 2, '2021-03-21 01:58:20', '2021-03-21 01:58:20'),
(415, 'V9GWnlC3ie', 'vyihxh7BuQ@gmail.com', '2021-03-21 01:58:20', '$2y$10$92IXUNpkjO0rOQ5byMi.Ye4oKoEa3Ro9llC/.og/at2.uheWG/igi', '0nGD1SGwr1', 2, '2021-03-21 01:58:20', '2021-03-21 01:58:20'),
(416, 'u0F15PILI4', 'Z47K1kMJVz@gmail.com', '2021-03-21 01:58:20', '$2y$10$92IXUNpkjO0rOQ5byMi.Ye4oKoEa3Ro9llC/.og/at2.uheWG/igi', 'fdpgQM0O97', 1, '2021-03-21 01:58:20', '2021-03-21 01:58:20'),
(417, 'QLPfm88hbK', 'BhXKg5TiBc@gmail.com', '2021-03-21 01:58:20', '$2y$10$92IXUNpkjO0rOQ5byMi.Ye4oKoEa3Ro9llC/.og/at2.uheWG/igi', 'z9BWl6WySa', 2, '2021-03-21 01:58:20', '2021-03-21 01:58:20'),
(418, 'ZCQxqx2qyf', 'kjgQjiKWH1@gmail.com', '2021-03-21 01:58:20', '$2y$10$92IXUNpkjO0rOQ5byMi.Ye4oKoEa3Ro9llC/.og/at2.uheWG/igi', '65tabtgyus', 2, '2021-03-21 01:58:20', '2021-03-21 01:58:20'),
(419, 'h5lureIiPR', 'G5J3v8Pm0B@gmail.com', '2021-03-21 01:58:20', '$2y$10$92IXUNpkjO0rOQ5byMi.Ye4oKoEa3Ro9llC/.og/at2.uheWG/igi', 'afCersy0ad', 2, '2021-03-21 01:58:20', '2021-03-21 01:58:20'),
(420, '5hoGNRNtB1', 'bHff9e6CU7@gmail.com', '2021-03-21 01:58:20', '$2y$10$92IXUNpkjO0rOQ5byMi.Ye4oKoEa3Ro9llC/.og/at2.uheWG/igi', 'm0aHhhA9dY', 2, '2021-03-21 01:58:20', '2021-03-21 01:58:20'),
(421, 'bDXlUvcGmK', 'Rx1ZnxBrg0@gmail.com', '2021-03-21 01:58:20', '$2y$10$92IXUNpkjO0rOQ5byMi.Ye4oKoEa3Ro9llC/.og/at2.uheWG/igi', 'xR3zDTwOtm', 1, '2021-03-21 01:58:20', '2021-03-21 01:58:20'),
(422, 'uj6JS84uLt', 'jaxc46xFv1@gmail.com', '2021-03-21 01:58:20', '$2y$10$92IXUNpkjO0rOQ5byMi.Ye4oKoEa3Ro9llC/.og/at2.uheWG/igi', 'vlFhKGiG13', 2, '2021-03-21 01:58:20', '2021-03-21 01:58:20'),
(423, 'YBJ3iiVa3t', 'w6OsUvHDCk@gmail.com', '2021-03-21 01:58:20', '$2y$10$92IXUNpkjO0rOQ5byMi.Ye4oKoEa3Ro9llC/.og/at2.uheWG/igi', 'wNaiRMg2pZ', 1, '2021-03-21 01:58:20', '2021-03-21 01:58:20'),
(424, 'hifKMKOLJY', 'sZ0yldhGgE@gmail.com', '2021-03-21 01:58:20', '$2y$10$92IXUNpkjO0rOQ5byMi.Ye4oKoEa3Ro9llC/.og/at2.uheWG/igi', 'dDNgpZ3LUq', 2, '2021-03-21 01:58:20', '2021-03-21 01:58:20'),
(425, '3Tzb7b9L6h', 'posbclJMYv@gmail.com', '2021-03-21 01:58:20', '$2y$10$92IXUNpkjO0rOQ5byMi.Ye4oKoEa3Ro9llC/.og/at2.uheWG/igi', 'sBu1Gm764S', 2, '2021-03-21 01:58:20', '2021-03-21 01:58:20'),
(426, '4ukGeYpRw0', 'b3ouTlZeBR@gmail.com', '2021-03-21 01:58:20', '$2y$10$92IXUNpkjO0rOQ5byMi.Ye4oKoEa3Ro9llC/.og/at2.uheWG/igi', 'cc2p0gYZ2G', 1, '2021-03-21 01:58:20', '2021-03-21 01:58:20'),
(427, 'xb5IQlgN0w', 'LohXUdoVw4@gmail.com', '2021-03-21 01:58:20', '$2y$10$92IXUNpkjO0rOQ5byMi.Ye4oKoEa3Ro9llC/.og/at2.uheWG/igi', 'EyHtS7XQSW', 1, '2021-03-21 01:58:20', '2021-03-21 01:58:20'),
(428, 'gqIzp1hKtV', 'ELFu5Za5OL@gmail.com', '2021-03-21 01:58:20', '$2y$10$92IXUNpkjO0rOQ5byMi.Ye4oKoEa3Ro9llC/.og/at2.uheWG/igi', 'hMrYFSkWDs', 2, '2021-03-21 01:58:20', '2021-03-21 01:58:20'),
(429, 'urulXMEpiU', 'bEuAxI9i4x@gmail.com', '2021-03-21 01:58:20', '$2y$10$92IXUNpkjO0rOQ5byMi.Ye4oKoEa3Ro9llC/.og/at2.uheWG/igi', 'BpJ7ZDBF3g', 1, '2021-03-21 01:58:20', '2021-03-21 01:58:20'),
(430, '7UhpzOb3O1', '3kK5Y8OnOm@gmail.com', '2021-03-21 01:58:20', '$2y$10$92IXUNpkjO0rOQ5byMi.Ye4oKoEa3Ro9llC/.og/at2.uheWG/igi', 'Wnr78J7AvX', 2, '2021-03-21 01:58:20', '2021-03-21 01:58:20'),
(431, 'wtKX4r1TD8', 'SURMpwnwHt@gmail.com', '2021-03-21 01:58:20', '$2y$10$92IXUNpkjO0rOQ5byMi.Ye4oKoEa3Ro9llC/.og/at2.uheWG/igi', 'PQnoHqgWMs', 2, '2021-03-21 01:58:20', '2021-03-21 01:58:20'),
(432, 'G08Kyw4hF3', 'NOpdfnujHK@gmail.com', '2021-03-21 01:58:20', '$2y$10$92IXUNpkjO0rOQ5byMi.Ye4oKoEa3Ro9llC/.og/at2.uheWG/igi', 'ftHq52IuZq', 1, '2021-03-21 01:58:20', '2021-03-21 01:58:20'),
(433, 'ImZ9WI36zu', 'eGW0SrU3yl@gmail.com', '2021-03-21 01:58:20', '$2y$10$92IXUNpkjO0rOQ5byMi.Ye4oKoEa3Ro9llC/.og/at2.uheWG/igi', 'EwWO9KJGxf', 1, '2021-03-21 01:58:20', '2021-03-21 01:58:20'),
(434, 'nD7SlbulTK', 'Oc6zolfoPP@gmail.com', '2021-03-21 01:58:20', '$2y$10$92IXUNpkjO0rOQ5byMi.Ye4oKoEa3Ro9llC/.og/at2.uheWG/igi', 'x0pTRVzUHg', 2, '2021-03-21 01:58:20', '2021-03-21 01:58:20'),
(435, 'BUBNDLj0Nk', 'GQ0kHCKQbF@gmail.com', '2021-03-21 01:58:20', '$2y$10$92IXUNpkjO0rOQ5byMi.Ye4oKoEa3Ro9llC/.og/at2.uheWG/igi', 'lVWeK4O1lF', 2, '2021-03-21 01:58:20', '2021-03-21 01:58:20'),
(436, '0BWZClFXE7', 'APZWc4BOUb@gmail.com', '2021-03-21 01:58:20', '$2y$10$92IXUNpkjO0rOQ5byMi.Ye4oKoEa3Ro9llC/.og/at2.uheWG/igi', 'nnOFxsVCgr', 2, '2021-03-21 01:58:20', '2021-03-21 01:58:20'),
(437, 'HZbjomhslD', 'RuhYaDKI58@gmail.com', '2021-03-21 01:58:20', '$2y$10$92IXUNpkjO0rOQ5byMi.Ye4oKoEa3Ro9llC/.og/at2.uheWG/igi', 'VAnH85HNod', 2, '2021-03-21 01:58:20', '2021-03-21 01:58:20'),
(438, 'dW81brSMO2', 'EecIVsaWnv@gmail.com', '2021-03-21 01:58:20', '$2y$10$92IXUNpkjO0rOQ5byMi.Ye4oKoEa3Ro9llC/.og/at2.uheWG/igi', 'ebkdln8BGE', 2, '2021-03-21 01:58:20', '2021-03-21 01:58:20'),
(439, '5XL0Bx27Ll', 'tpRDquq8xR@gmail.com', '2021-03-21 01:58:20', '$2y$10$92IXUNpkjO0rOQ5byMi.Ye4oKoEa3Ro9llC/.og/at2.uheWG/igi', 'siZW6M1suL', 2, '2021-03-21 01:58:20', '2021-03-21 01:58:20'),
(440, 'xmcuL7xPsl', 'kWjUhpv5T6@gmail.com', '2021-03-21 01:58:20', '$2y$10$92IXUNpkjO0rOQ5byMi.Ye4oKoEa3Ro9llC/.og/at2.uheWG/igi', 'eovf3bf7Oe', 1, '2021-03-21 01:58:20', '2021-03-21 01:58:20'),
(441, 'hWaTTfnv3t', '8Px5NKCrtu@gmail.com', '2021-03-21 01:58:20', '$2y$10$92IXUNpkjO0rOQ5byMi.Ye4oKoEa3Ro9llC/.og/at2.uheWG/igi', '3pln3bRcxd', 1, '2021-03-21 01:58:20', '2021-03-21 01:58:20'),
(442, 'eHiVOjZnXv', 'uYaBXYL0Rp@gmail.com', '2021-03-21 01:58:20', '$2y$10$92IXUNpkjO0rOQ5byMi.Ye4oKoEa3Ro9llC/.og/at2.uheWG/igi', 'kvbmH9klkh', 1, '2021-03-21 01:58:20', '2021-03-21 01:58:20'),
(443, 'MWAhcbesFD', 'AwZfPm0n7G@gmail.com', '2021-03-21 01:58:20', '$2y$10$92IXUNpkjO0rOQ5byMi.Ye4oKoEa3Ro9llC/.og/at2.uheWG/igi', 'tFDLcfyuR3', 1, '2021-03-21 01:58:20', '2021-03-21 01:58:20'),
(444, 'KVqDpFYkbI', 'KyBTh7wqdq@gmail.com', '2021-03-21 01:58:20', '$2y$10$92IXUNpkjO0rOQ5byMi.Ye4oKoEa3Ro9llC/.og/at2.uheWG/igi', 'vVRaumPOhS', 1, '2021-03-21 01:58:20', '2021-03-21 01:58:20'),
(445, 'pIpb3DsG2f', 'gv5V0619VS@gmail.com', '2021-03-21 01:58:20', '$2y$10$92IXUNpkjO0rOQ5byMi.Ye4oKoEa3Ro9llC/.og/at2.uheWG/igi', '0rSdnYJTTB', 2, '2021-03-21 01:58:20', '2021-03-21 01:58:20'),
(446, 'd9ahaqt6fM', 'qr37Weo6HH@gmail.com', '2021-03-21 01:58:20', '$2y$10$92IXUNpkjO0rOQ5byMi.Ye4oKoEa3Ro9llC/.og/at2.uheWG/igi', '2P392wL7m2', 1, '2021-03-21 01:58:20', '2021-03-21 01:58:20'),
(447, 'UHtDhWjjV5', 'GTUoFqNl9E@gmail.com', '2021-03-21 01:58:20', '$2y$10$92IXUNpkjO0rOQ5byMi.Ye4oKoEa3Ro9llC/.og/at2.uheWG/igi', 'uA0YmyUG4q', 2, '2021-03-21 01:58:20', '2021-03-21 01:58:20'),
(448, 'fVHKlGgCZz', 'wFeAjnv7kv@gmail.com', '2021-03-21 01:58:20', '$2y$10$92IXUNpkjO0rOQ5byMi.Ye4oKoEa3Ro9llC/.og/at2.uheWG/igi', 'n4WZeGy6An', 1, '2021-03-21 01:58:20', '2021-03-21 01:58:20'),
(449, 'zrKkluEwMZ', 'az9YJQev5F@gmail.com', '2021-03-21 01:58:20', '$2y$10$92IXUNpkjO0rOQ5byMi.Ye4oKoEa3Ro9llC/.og/at2.uheWG/igi', 'acojYa3vlZ', 1, '2021-03-21 01:58:20', '2021-03-21 01:58:20'),
(450, 't1nUOtrGCu', '3XYSEa1GGI@gmail.com', '2021-03-21 01:58:20', '$2y$10$92IXUNpkjO0rOQ5byMi.Ye4oKoEa3Ro9llC/.og/at2.uheWG/igi', 'aOd7EDzsa8', 2, '2021-03-21 01:58:20', '2021-03-21 01:58:20'),
(451, 'UPTZ1GT8aE', 'Lqwa269tNJ@gmail.com', '2021-03-21 01:58:20', '$2y$10$92IXUNpkjO0rOQ5byMi.Ye4oKoEa3Ro9llC/.og/at2.uheWG/igi', 'mgCPFiOJBZ', 1, '2021-03-21 01:58:20', '2021-03-21 01:58:20'),
(452, 'b6EZHBaNk2', 'HaY2Rsx6Yw@gmail.com', '2021-03-21 01:58:20', '$2y$10$92IXUNpkjO0rOQ5byMi.Ye4oKoEa3Ro9llC/.og/at2.uheWG/igi', 'l7Kc5Jws8o', 1, '2021-03-21 01:58:20', '2021-03-21 01:58:20'),
(453, 'eQH1Nit0Z0', '9b30M1Ohg8@gmail.com', '2021-03-21 01:58:20', '$2y$10$92IXUNpkjO0rOQ5byMi.Ye4oKoEa3Ro9llC/.og/at2.uheWG/igi', '4jW7O4dOp2', 1, '2021-03-21 01:58:20', '2021-03-21 01:58:20'),
(454, 'itoJIQFV8Q', 'yG9CQlFiUk@gmail.com', '2021-03-21 01:58:20', '$2y$10$92IXUNpkjO0rOQ5byMi.Ye4oKoEa3Ro9llC/.og/at2.uheWG/igi', 'YFIK0j2sgz', 1, '2021-03-21 01:58:20', '2021-03-21 01:58:20'),
(455, '3SoAeBln0x', 'fcdxNzP00o@gmail.com', '2021-03-21 01:58:20', '$2y$10$92IXUNpkjO0rOQ5byMi.Ye4oKoEa3Ro9llC/.og/at2.uheWG/igi', 'cwNUunYxiS', 1, '2021-03-21 01:58:20', '2021-03-21 01:58:20'),
(456, '147cqHFieD', 'fVxtOJlOTY@gmail.com', '2021-03-21 01:58:20', '$2y$10$92IXUNpkjO0rOQ5byMi.Ye4oKoEa3Ro9llC/.og/at2.uheWG/igi', 'bgLcMZK238', 2, '2021-03-21 01:58:20', '2021-03-21 01:58:20'),
(457, 'BjI2DJUkjO', 'ye3HoroIiB@gmail.com', '2021-03-21 01:58:20', '$2y$10$92IXUNpkjO0rOQ5byMi.Ye4oKoEa3Ro9llC/.og/at2.uheWG/igi', 'R6lSLxpiW3', 1, '2021-03-21 01:58:20', '2021-03-21 01:58:20'),
(458, 'Q05CrUOyEG', 'SNWThxq2nH@gmail.com', '2021-03-21 01:58:20', '$2y$10$92IXUNpkjO0rOQ5byMi.Ye4oKoEa3Ro9llC/.og/at2.uheWG/igi', 'dGD4grdPc4', 2, '2021-03-21 01:58:20', '2021-03-21 01:58:20'),
(459, '8kztAdEfA5', 'fH3wmfWQ50@gmail.com', '2021-03-21 01:58:20', '$2y$10$92IXUNpkjO0rOQ5byMi.Ye4oKoEa3Ro9llC/.og/at2.uheWG/igi', 'AjBF2UpYlt', 2, '2021-03-21 01:58:20', '2021-03-21 01:58:20'),
(460, '6r16iwLmpy', 'ewgqixk2Ho@gmail.com', '2021-03-21 01:58:20', '$2y$10$92IXUNpkjO0rOQ5byMi.Ye4oKoEa3Ro9llC/.og/at2.uheWG/igi', '8sIAkiSqKr', 2, '2021-03-21 01:58:20', '2021-03-21 01:58:20'),
(461, 'eNWkeIJDPn', 'rqmnwxAwwV@gmail.com', '2021-03-21 01:58:20', '$2y$10$92IXUNpkjO0rOQ5byMi.Ye4oKoEa3Ro9llC/.og/at2.uheWG/igi', 'vz0zUMSlgp', 2, '2021-03-21 01:58:20', '2021-03-21 01:58:20'),
(462, 'Ab4p0Ig6Bh', 'EzQapdpLfj@gmail.com', '2021-03-21 01:58:20', '$2y$10$92IXUNpkjO0rOQ5byMi.Ye4oKoEa3Ro9llC/.og/at2.uheWG/igi', 'Fb1BDmacYY', 1, '2021-03-21 01:58:20', '2021-03-21 01:58:20'),
(463, 'QDrtjLskFr', 'mFpnBgoLW8@gmail.com', '2021-03-21 01:58:20', '$2y$10$92IXUNpkjO0rOQ5byMi.Ye4oKoEa3Ro9llC/.og/at2.uheWG/igi', 'hEo15IWd6O', 2, '2021-03-21 01:58:20', '2021-03-21 01:58:20'),
(464, 'kzNEav7rO2', 'HNArMyWBZx@gmail.com', '2021-03-21 01:58:20', '$2y$10$92IXUNpkjO0rOQ5byMi.Ye4oKoEa3Ro9llC/.og/at2.uheWG/igi', '90rMxsgDEv', 1, '2021-03-21 01:58:20', '2021-03-21 01:58:20'),
(465, 'FIfEq9iMtC', 'bXwZgfl7dh@gmail.com', '2021-03-21 01:58:20', '$2y$10$92IXUNpkjO0rOQ5byMi.Ye4oKoEa3Ro9llC/.og/at2.uheWG/igi', 'UEfWCL4txa', 2, '2021-03-21 01:58:20', '2021-03-21 01:58:20'),
(466, 'i9JeJm1rMh', '7P0wMeOHPX@gmail.com', '2021-03-21 01:58:20', '$2y$10$92IXUNpkjO0rOQ5byMi.Ye4oKoEa3Ro9llC/.og/at2.uheWG/igi', 'FaPtyBmeVw', 2, '2021-03-21 01:58:20', '2021-03-21 01:58:20'),
(467, 'RgAE01hHtt', 'IwPkSJEIpc@gmail.com', '2021-03-21 01:58:20', '$2y$10$92IXUNpkjO0rOQ5byMi.Ye4oKoEa3Ro9llC/.og/at2.uheWG/igi', 'aj3ffNdm0g', 1, '2021-03-21 01:58:20', '2021-03-21 01:58:20'),
(468, 'VlSc7sZjj3', '4kBQAxuJGS@gmail.com', '2021-03-21 01:58:20', '$2y$10$92IXUNpkjO0rOQ5byMi.Ye4oKoEa3Ro9llC/.og/at2.uheWG/igi', 'pxzXxoqwd4', 1, '2021-03-21 01:58:20', '2021-03-21 01:58:20'),
(469, 'apXaIejW2i', 'PE7FN6W5uU@gmail.com', '2021-03-21 01:58:20', '$2y$10$92IXUNpkjO0rOQ5byMi.Ye4oKoEa3Ro9llC/.og/at2.uheWG/igi', '8FwSgUqdsB', 2, '2021-03-21 01:58:20', '2021-03-21 01:58:20'),
(470, 'cOaqRUahV9', 'Ngy1X0qJrA@gmail.com', '2021-03-21 01:58:20', '$2y$10$92IXUNpkjO0rOQ5byMi.Ye4oKoEa3Ro9llC/.og/at2.uheWG/igi', 'Bx4QGugwJX', 1, '2021-03-21 01:58:20', '2021-03-21 01:58:20'),
(471, 'THiJ6S8tUV', 'N3AU0DV15Y@gmail.com', '2021-03-21 01:58:20', '$2y$10$92IXUNpkjO0rOQ5byMi.Ye4oKoEa3Ro9llC/.og/at2.uheWG/igi', 'KSd4R1OxTk', 2, '2021-03-21 01:58:20', '2021-03-21 01:58:20'),
(472, 'WrhbWOz3vX', 'BRpBQF60mv@gmail.com', '2021-03-21 01:58:20', '$2y$10$92IXUNpkjO0rOQ5byMi.Ye4oKoEa3Ro9llC/.og/at2.uheWG/igi', 'bTe6br38M2', 1, '2021-03-21 01:58:20', '2021-03-21 01:58:20'),
(473, 'yGfp700Tog', 'Ca2zZNRj9w@gmail.com', '2021-03-21 01:58:20', '$2y$10$92IXUNpkjO0rOQ5byMi.Ye4oKoEa3Ro9llC/.og/at2.uheWG/igi', 'ZN9sRleMqV', 1, '2021-03-21 01:58:20', '2021-03-21 01:58:20'),
(474, 'Ag9IyEmgXy', 'MBq5o1ecUk@gmail.com', '2021-03-21 01:58:20', '$2y$10$92IXUNpkjO0rOQ5byMi.Ye4oKoEa3Ro9llC/.og/at2.uheWG/igi', 'j4l1BAQ36w', 2, '2021-03-21 01:58:20', '2021-03-21 01:58:20'),
(475, 'UPwEPbg5Xh', '2Dkf1Nw6Qe@gmail.com', '2021-03-21 01:58:20', '$2y$10$92IXUNpkjO0rOQ5byMi.Ye4oKoEa3Ro9llC/.og/at2.uheWG/igi', 'zsTg6TIOg6', 1, '2021-03-21 01:58:20', '2021-03-21 01:58:20'),
(476, '3C0iLkOpLu', '8fSR09b5nQ@gmail.com', '2021-03-21 01:58:20', '$2y$10$92IXUNpkjO0rOQ5byMi.Ye4oKoEa3Ro9llC/.og/at2.uheWG/igi', 'HtpGFxJ3dg', 1, '2021-03-21 01:58:20', '2021-03-21 01:58:20'),
(477, 'Ex7ji5grb5', 'cjNLFScffO@gmail.com', '2021-03-21 01:58:20', '$2y$10$92IXUNpkjO0rOQ5byMi.Ye4oKoEa3Ro9llC/.og/at2.uheWG/igi', '1ZmfWPHRXS', 2, '2021-03-21 01:58:20', '2021-03-21 01:58:20'),
(478, 'B9w8LTWaMN', 'EZvY2i0hBe@gmail.com', '2021-03-21 01:58:20', '$2y$10$92IXUNpkjO0rOQ5byMi.Ye4oKoEa3Ro9llC/.og/at2.uheWG/igi', 'w4VpeQJOaF', 1, '2021-03-21 01:58:20', '2021-03-21 01:58:20'),
(479, '3r4zmHaESv', '7jMVsyuOc1@gmail.com', '2021-03-21 01:58:20', '$2y$10$92IXUNpkjO0rOQ5byMi.Ye4oKoEa3Ro9llC/.og/at2.uheWG/igi', 'RvqbITFoq8', 2, '2021-03-21 01:58:20', '2021-03-21 01:58:20'),
(480, 'HUeH2969IU', '4UbA09w9sq@gmail.com', '2021-03-21 01:58:20', '$2y$10$92IXUNpkjO0rOQ5byMi.Ye4oKoEa3Ro9llC/.og/at2.uheWG/igi', 'rffgWBOfiT', 2, '2021-03-21 01:58:20', '2021-03-21 01:58:20'),
(481, 'vB2uUXokzY', 'd9866ToVim@gmail.com', '2021-03-21 01:58:20', '$2y$10$92IXUNpkjO0rOQ5byMi.Ye4oKoEa3Ro9llC/.og/at2.uheWG/igi', 'H44vZlvUWm', 1, '2021-03-21 01:58:20', '2021-03-21 01:58:20'),
(482, 'KwzAI7NhQp', 'yoiM1ITebL@gmail.com', '2021-03-21 01:58:20', '$2y$10$92IXUNpkjO0rOQ5byMi.Ye4oKoEa3Ro9llC/.og/at2.uheWG/igi', 'BUdoBiQyDr', 1, '2021-03-21 01:58:20', '2021-03-21 01:58:20'),
(483, 'Ux7IGSbJxB', '7vHWU0JwK1@gmail.com', '2021-03-21 01:58:20', '$2y$10$92IXUNpkjO0rOQ5byMi.Ye4oKoEa3Ro9llC/.og/at2.uheWG/igi', '3PO5fH04N1', 1, '2021-03-21 01:58:20', '2021-03-21 01:58:20'),
(484, '4XAzrUfNGK', 'Jl6sz20zOh@gmail.com', '2021-03-21 01:58:20', '$2y$10$92IXUNpkjO0rOQ5byMi.Ye4oKoEa3Ro9llC/.og/at2.uheWG/igi', 'z3W7C0QCrQ', 1, '2021-03-21 01:58:20', '2021-03-21 01:58:20'),
(485, '4WhzCfkskr', 'YPxKr8tCc7@gmail.com', '2021-03-21 01:58:20', '$2y$10$92IXUNpkjO0rOQ5byMi.Ye4oKoEa3Ro9llC/.og/at2.uheWG/igi', 'BrQtWvAB1v', 2, '2021-03-21 01:58:20', '2021-03-21 01:58:20'),
(486, 'MDmMrNvzx8', 'ooVNHC3Kt3@gmail.com', '2021-03-21 01:58:20', '$2y$10$92IXUNpkjO0rOQ5byMi.Ye4oKoEa3Ro9llC/.og/at2.uheWG/igi', 'b7J4bYqjE4', 1, '2021-03-21 01:58:20', '2021-03-21 01:58:20'),
(487, '03coi0gtla', 'rNWehnD6uk@gmail.com', '2021-03-21 01:58:20', '$2y$10$92IXUNpkjO0rOQ5byMi.Ye4oKoEa3Ro9llC/.og/at2.uheWG/igi', 'zroh1Tqp1P', 2, '2021-03-21 01:58:20', '2021-03-21 01:58:20'),
(488, 'tcAwkbYjvT', '2XhWCM78nH@gmail.com', '2021-03-21 01:58:20', '$2y$10$92IXUNpkjO0rOQ5byMi.Ye4oKoEa3Ro9llC/.og/at2.uheWG/igi', 'xQ3AMh92Hi', 2, '2021-03-21 01:58:20', '2021-03-21 01:58:20'),
(489, 'pXgN9ypFKd', '4Tz21EtBhP@gmail.com', '2021-03-21 01:58:20', '$2y$10$92IXUNpkjO0rOQ5byMi.Ye4oKoEa3Ro9llC/.og/at2.uheWG/igi', 'L6RjxaWiFo', 2, '2021-03-21 01:58:20', '2021-03-21 01:58:20'),
(490, 'ypqI3IBaor', 'e6WttlB88S@gmail.com', '2021-03-21 01:58:20', '$2y$10$92IXUNpkjO0rOQ5byMi.Ye4oKoEa3Ro9llC/.og/at2.uheWG/igi', 'raqUq0GR2l', 1, '2021-03-21 01:58:20', '2021-03-21 01:58:20'),
(491, 'WgKzZ7PL18', 'Ug9pqYDGeR@gmail.com', '2021-03-21 01:58:20', '$2y$10$92IXUNpkjO0rOQ5byMi.Ye4oKoEa3Ro9llC/.og/at2.uheWG/igi', 'PBx5wPtAfU', 2, '2021-03-21 01:58:20', '2021-03-21 01:58:20'),
(492, 'qubWFHYjW3', 'kkjCWIl925@gmail.com', '2021-03-21 01:58:20', '$2y$10$92IXUNpkjO0rOQ5byMi.Ye4oKoEa3Ro9llC/.og/at2.uheWG/igi', 'cHVlFBVEL1', 1, '2021-03-21 01:58:20', '2021-03-21 01:58:20'),
(493, 'XiRon93o8p', 'wMAqU1np2h@gmail.com', '2021-03-21 01:58:20', '$2y$10$92IXUNpkjO0rOQ5byMi.Ye4oKoEa3Ro9llC/.og/at2.uheWG/igi', '8cQZ8nQVUR', 1, '2021-03-21 01:58:20', '2021-03-21 01:58:20'),
(494, 'FejMBr1LVa', 'UUqhzt5IOK@gmail.com', '2021-03-21 01:58:20', '$2y$10$92IXUNpkjO0rOQ5byMi.Ye4oKoEa3Ro9llC/.og/at2.uheWG/igi', 'g2aUzUwik7', 2, '2021-03-21 01:58:20', '2021-03-21 01:58:20'),
(495, 'v0ajqutrln', 'rcDRJwqDnV@gmail.com', '2021-03-21 01:58:20', '$2y$10$92IXUNpkjO0rOQ5byMi.Ye4oKoEa3Ro9llC/.og/at2.uheWG/igi', 'fdlcIskaUN', 1, '2021-03-21 01:58:20', '2021-03-21 01:58:20'),
(496, 'qGD9wh40Fo', 'Gr1mLahBeR@gmail.com', '2021-03-21 01:58:20', '$2y$10$92IXUNpkjO0rOQ5byMi.Ye4oKoEa3Ro9llC/.og/at2.uheWG/igi', 'xzNE40V0jQ', 1, '2021-03-21 01:58:20', '2021-03-21 01:58:20'),
(497, '0CM70LWQOk', 'LacifIkkxn@gmail.com', '2021-03-21 01:58:20', '$2y$10$92IXUNpkjO0rOQ5byMi.Ye4oKoEa3Ro9llC/.og/at2.uheWG/igi', 'UlYGKTLVwU', 1, '2021-03-21 01:58:20', '2021-03-21 01:58:20'),
(498, 'tvN2K20jyH', 'uMVMnYNlnx@gmail.com', '2021-03-21 01:58:20', '$2y$10$92IXUNpkjO0rOQ5byMi.Ye4oKoEa3Ro9llC/.og/at2.uheWG/igi', 'ZxxheuMrsk', 1, '2021-03-21 01:58:20', '2021-03-21 01:58:20'),
(499, 'Bri1qXG2s5', '1sOYSGijWK@gmail.com', '2021-03-21 01:58:20', '$2y$10$92IXUNpkjO0rOQ5byMi.Ye4oKoEa3Ro9llC/.og/at2.uheWG/igi', 'R4CoOMDIpi', 1, '2021-03-21 01:58:20', '2021-03-21 01:58:20'),
(500, 'tYHd5li3wR', 'B9eC1k3xnK@gmail.com', '2021-03-21 01:58:20', '$2y$10$92IXUNpkjO0rOQ5byMi.Ye4oKoEa3Ro9llC/.og/at2.uheWG/igi', 'gShC5SSCMl', 2, '2021-03-21 01:58:20', '2021-03-21 01:58:20');

--
-- Indexes for dumped tables
--

--
-- Indexes for table `failed_jobs`
--
ALTER TABLE `failed_jobs`
  ADD PRIMARY KEY (`id`),
  ADD UNIQUE KEY `failed_jobs_uuid_unique` (`uuid`);

--
-- Indexes for table `groups`
--
ALTER TABLE `groups`
  ADD PRIMARY KEY (`id`);

--
-- Indexes for table `migrations`
--
ALTER TABLE `migrations`
  ADD PRIMARY KEY (`id`);

--
-- Indexes for table `password_resets`
--
ALTER TABLE `password_resets`
  ADD KEY `password_resets_email_index` (`email`);

--
-- Indexes for table `representatives`
--
ALTER TABLE `representatives`
  ADD PRIMARY KEY (`id`);

--
-- Indexes for table `users`
--
ALTER TABLE `users`
  ADD PRIMARY KEY (`id`),
  ADD UNIQUE KEY `users_email_unique` (`email`);

--
-- AUTO_INCREMENT for dumped tables
--

--
-- AUTO_INCREMENT for table `failed_jobs`
--
ALTER TABLE `failed_jobs`
  MODIFY `id` bigint(20) UNSIGNED NOT NULL AUTO_INCREMENT;

--
-- AUTO_INCREMENT for table `groups`
--
ALTER TABLE `groups`
  MODIFY `id` int(10) UNSIGNED NOT NULL AUTO_INCREMENT, AUTO_INCREMENT=3;

--
-- AUTO_INCREMENT for table `migrations`
--
ALTER TABLE `migrations`
  MODIFY `id` int(10) UNSIGNED NOT NULL AUTO_INCREMENT, AUTO_INCREMENT=6;

--
-- AUTO_INCREMENT for table `representatives`
--
ALTER TABLE `representatives`
  MODIFY `id` int(10) UNSIGNED NOT NULL AUTO_INCREMENT, AUTO_INCREMENT=24;

--
-- AUTO_INCREMENT for table `users`
--
ALTER TABLE `users`
  MODIFY `id` bigint(20) UNSIGNED NOT NULL AUTO_INCREMENT, AUTO_INCREMENT=501;
